-- phpMyAdmin SQL Dump
-- version 5.2.1
-- https://www.phpmyadmin.net/
--
-- Host: 127.0.0.1
-- Generation Time: May 09, 2025 at 10:42 AM
-- Server version: 10.4.32-MariaDB
-- PHP Version: 8.0.30

SET SQL_MODE = "NO_AUTO_VALUE_ON_ZERO";
START TRANSACTION;
SET time_zone = "+00:00";


/*!40101 SET @OLD_CHARACTER_SET_CLIENT=@@CHARACTER_SET_CLIENT */;
/*!40101 SET @OLD_CHARACTER_SET_RESULTS=@@CHARACTER_SET_RESULTS */;
/*!40101 SET @OLD_COLLATION_CONNECTION=@@COLLATION_CONNECTION */;
/*!40101 SET NAMES utf8mb4 */;

--
-- Database: `mybodytracker`
--

-- --------------------------------------------------------

--
-- Table structure for table `activite_sportive`
--

CREATE TABLE `activite_sportive` (
  `id_activité` int(11) NOT NULL,
  `id_utilisateur` int(11) DEFAULT NULL,
  `type_activité` varchar(100) DEFAULT NULL,
  `date_activité` date DEFAULT NULL,
  `durée_minutes` int(11) DEFAULT NULL,
  `distance_km` decimal(15,2) DEFAULT NULL,
  `calories_brulées` int(11) DEFAULT NULL,
  `commentaire` varchar(255) DEFAULT NULL
) ENGINE=InnoDB DEFAULT CHARSET=utf8mb4 COLLATE=utf8mb4_general_ci;

--
-- Dumping data for table `activite_sportive`
--

INSERT INTO `activite_sportive` (`id_activité`, `id_utilisateur`, `type_activité`, `date_activité`, `durée_minutes`, `distance_km`, `calories_brulées`, `commentaire`) VALUES
(10, NULL, 'Course', NULL, NULL, 5.00, NULL, NULL),
(368, 1, 'cardio', '2022-08-26', 45, 75.00, 3478, 'course intense');

-- --------------------------------------------------------

--
-- Table structure for table `article`
--

CREATE TABLE `article` (
  `id_article` int(11) NOT NULL,
  `titre` varchar(255) DEFAULT NULL,
  `contenu` varchar(255) DEFAULT NULL,
  `catégorie` varchar(100) DEFAULT NULL,
  `date_publication` date DEFAULT NULL,
  `auteur` varchar(100) DEFAULT NULL,
  `id_utilisateur` int(11) DEFAULT NULL
) ENGINE=InnoDB DEFAULT CHARSET=utf8mb4 COLLATE=utf8mb4_general_ci;

--
-- Dumping data for table `article`
--

INSERT INTO `article` (`id_article`, `titre`, `contenu`, `catégorie`, `date_publication`, `auteur`, `id_utilisateur`) VALUES
(101, 'Les sports dans les pays anglophones', 'Dans cet article ...', 'Pro', '2021-09-21', 'Shakespeare', 1),
(126, 'Bien manger en 2025', 'Manger équilibré n\'a jamais été aussi crucial. Avec les nouveaux défis liés au rythme de vie moderne, il est important d\'adopter une alimentation riche en fibres, en protéines végétales et en bonnes graisses. Ce guide propose des exemples de menus, des as', 'Santé', '2025-04-02', 'Claire Martin', 2),
(127, 'Top 10 des destinations sportives', 'Envie de bouger tout en découvrant de nouveaux horizons ? Voici notre sélection des 10 meilleures destinations alliant sport et voyage : surf au Portugal, randonnée dans les Dolomites, escalade en Grèce, yoga à Bali… De quoi allier activité physique et pl', 'Voyage', '2025-04-05', 'Nadia B.', 3),
(128, 'L\'intelligence artificielle et le sport', 'L\'IA révolutionne le sport : analyse de performance, détection de blessures, personnalisation des entraînements... Ce dossier complet explique comment les capteurs, les algorithmes prédictifs et les applications intelligentes transforment l\'entraînement e', 'Technologie', '2025-04-08', 'Alan Turing', 4),
(129, 'Les bienfaits du yoga', 'Le yoga est bien plus qu\'une discipline physique. Il permet de travailler la souplesse, le tonus musculaire, mais aussi la concentration et la respiration. Adapté à tous les niveaux, il est reconnu pour ses effets sur la gestion du stress et l\'équilibre é', 'Santé', '2025-04-10', 'Marie Curie', 2),
(130, 'Cuisine sportive : recettes protéinées', 'Les protéines sont essentielles pour la récupération et la construction musculaire. Découvrez dans cet article 3 recettes savoureuses et riches en protéines : omelette aux légumes et fromage, bowl de quinoa au poulet, et smoothie aux fruits rouges et lait', 'Cuisine', '2025-04-12', 'Paul Bocuse', 5),
(131, 'Courir plus vite : le guide', 'Améliorer sa vitesse en course à pied nécessite de travailler à la fois la technique, la fréquence d\'entraînement et le mental. Ce guide détaillé aborde les phases d\'échauffement, les exercices de sprint, la récupération, et l\'importance de la régularité.', 'Sport', '2025-04-15', 'Usain Bolt', 6),
(132, 'Appli mobile pour suivre ses progrès', 'Le suivi de performance devient plus facile grâce aux applis mobiles. Du nombre de pas au rythme cardiaque, elles permettent de mieux comprendre son évolution. Dans cet article, nous comparons 5 applications fitness populaires, avec leurs avantages, incon', 'Technologie', '2025-04-17', 'Sophie Tech', 4);

-- --------------------------------------------------------

--
-- Table structure for table `calendrier_d_activités`
--

CREATE TABLE `calendrier_d_activités` (
  `id_evenement` int(11) NOT NULL,
  `id_utilisateur` int(11) DEFAULT NULL,
  `titre_evenement` varchar(100) DEFAULT NULL,
  `date_evenement` date DEFAULT NULL,
  `type_evenement` varchar(50) DEFAULT NULL
) ENGINE=InnoDB DEFAULT CHARSET=utf8mb4 COLLATE=utf8mb4_general_ci;

--
-- Dumping data for table `calendrier_d_activités`
--

INSERT INTO `calendrier_d_activités` (`id_evenement`, `id_utilisateur`, `titre_evenement`, `date_evenement`, `type_evenement`) VALUES
(5, 1, 'Boxe & Sprint : Le Combat de l\'Endurance', '2023-02-27', 'Compétition');

-- --------------------------------------------------------

--
-- Table structure for table `comparaison_performances`
--

CREATE TABLE `comparaison_performances` (
  `id_comparaison` int(11) NOT NULL,
  `id_utilisateur` int(11) DEFAULT NULL,
  `type_comparaison` char(2) DEFAULT NULL,
  `id_autre_utilisateur` int(11) DEFAULT NULL,
  `date_comparaison` date DEFAULT NULL,
  `indicateur_comparé` varchar(100) DEFAULT NULL
) ENGINE=InnoDB DEFAULT CHARSET=utf8mb4 COLLATE=utf8mb4_general_ci;

--
-- Dumping data for table `comparaison_performances`
--

INSERT INTO `comparaison_performances` (`id_comparaison`, `id_utilisateur`, `type_comparaison`, `id_autre_utilisateur`, `date_comparaison`, `indicateur_comparé`) VALUES
(3, 1, 'te', 1, '2024-05-13', 'poids'),
(4, 1, 'te', 1, '2024-05-13', 'poids');

-- --------------------------------------------------------

--
-- Table structure for table `compare`
--

CREATE TABLE `compare` (
  `id_utilisateur` int(11) NOT NULL,
  `id_comparaison` int(11) NOT NULL
) ENGINE=InnoDB DEFAULT CHARSET=utf8mb4 COLLATE=utf8mb4_general_ci;

--
-- Dumping data for table `compare`
--

INSERT INTO `compare` (`id_utilisateur`, `id_comparaison`) VALUES
(1, 4);

-- --------------------------------------------------------

--
-- Table structure for table `genere`
--

CREATE TABLE `genere` (
  `id_utilisateur` int(11) NOT NULL,
  `id_stats` int(11) NOT NULL
) ENGINE=InnoDB DEFAULT CHARSET=utf8mb4 COLLATE=utf8mb4_general_ci;

--
-- Dumping data for table `genere`
--

INSERT INTO `genere` (`id_utilisateur`, `id_stats`) VALUES
(1, 6);

-- --------------------------------------------------------

--
-- Table structure for table `messages`
--

CREATE TABLE `messages` (
  `id_message` int(11) NOT NULL,
  `id_utilisateur` int(11) DEFAULT NULL,
  `contenu_message` varchar(255) DEFAULT NULL,
  `date_publication` date DEFAULT NULL
) ENGINE=InnoDB DEFAULT CHARSET=utf8mb4 COLLATE=utf8mb4_general_ci;

--
-- Dumping data for table `messages`
--

INSERT INTO `messages` (`id_message`, `id_utilisateur`, `contenu_message`, `date_publication`) VALUES
(101, 2, 'Salut tout le monde ! Ravi de rejoindre la communauté.', '2025-04-25'),
(102, 3, 'Quel est le meilleur moment pour s\'entraîner selon vous ?', '2025-04-25'),
(103, 4, 'Je recommande fortement les entraînements HIIT du matin.', '2025-04-25'),
(104, 5, 'J\'ai essayé une recette protéinée, trop bon !', '2025-04-26'),
(105, 6, 'Quelqu\'un utilise une montre connectée ici ?', '2025-04-26'),
(106, 2, 'Je commence à courir 3 fois par semaine, vos conseils ?', '2025-04-26'),
(107, 3, 'Le yoga améliore vraiment ma concentration, étonnant !', '2025-04-27');

-- --------------------------------------------------------

--
-- Table structure for table `participe`
--

CREATE TABLE `participe` (
  `id_utilisateur` int(11) NOT NULL,
  `id_activite` int(11) NOT NULL
) ENGINE=InnoDB DEFAULT CHARSET=utf8mb4 COLLATE=utf8mb4_general_ci;

--
-- Dumping data for table `participe`
--

INSERT INTO `participe` (`id_utilisateur`, `id_activite`) VALUES
(1, 10);

-- --------------------------------------------------------

--
-- Table structure for table `planifier`
--

CREATE TABLE `planifier` (
  `id_utilisateur` int(11) NOT NULL,
  `id_evenement` int(11) NOT NULL
) ENGINE=InnoDB DEFAULT CHARSET=utf8mb4 COLLATE=utf8mb4_general_ci;

--
-- Dumping data for table `planifier`
--

INSERT INTO `planifier` (`id_utilisateur`, `id_evenement`) VALUES
(1, 5);

-- --------------------------------------------------------

--
-- Table structure for table `publier`
--

CREATE TABLE `publier` (
  `id_utilisateur` int(11) NOT NULL,
  `id_message` int(11) NOT NULL
) ENGINE=InnoDB DEFAULT CHARSET=utf8mb4 COLLATE=utf8mb4_general_ci;

--
-- Dumping data for table `publier`
--

INSERT INTO `publier` (`id_utilisateur`, `id_message`) VALUES
(2, 101),
(2, 106),
(3, 102),
(3, 107),
(4, 103),
(5, 104),
(6, 105);

-- --------------------------------------------------------

--
-- Table structure for table `statistiques_`
--

CREATE TABLE `statistiques_` (
  `id_stats` int(11) NOT NULL,
  `id_utilisateur` int(11) DEFAULT NULL,
  `date_statistique` date DEFAULT NULL,
  `total_activités` int(11) DEFAULT NULL,
  `distance_totale_km` decimal(15,2) DEFAULT NULL,
  `calories_totales` int(11) DEFAULT NULL
) ENGINE=InnoDB DEFAULT CHARSET=utf8mb4 COLLATE=utf8mb4_general_ci;

--
-- Dumping data for table `statistiques_`
--

INSERT INTO `statistiques_` (`id_stats`, `id_utilisateur`, `date_statistique`, `total_activités`, `distance_totale_km`, `calories_totales`) VALUES
(1, 1, '2024-05-15', 5, 25.75, 1200),
(6, NULL, NULL, NULL, NULL, NULL);

-- --------------------------------------------------------

--
-- Table structure for table `utilisateur`
--

CREATE TABLE `utilisateur` (
  `id_utilisateur` int(11) NOT NULL,
  `nom` varchar(100) NOT NULL,
  `prenom` varchar(50) NOT NULL,
  `email` varchar(255) NOT NULL,
  `Mot_de_passe` varchar(255) NOT NULL,
  `date_inscription` date DEFAULT NULL,
  `photo_profil` blob DEFAULT NULL,
  `nom_utilisateur` varchar(255) DEFAULT NULL,
  `poids` int(11) DEFAULT NULL,
  `sexe` varchar(10) DEFAULT NULL,
  `taille` int(11) DEFAULT NULL,
  `age` int(11) DEFAULT NULL
) ENGINE=InnoDB DEFAULT CHARSET=utf8mb4 COLLATE=utf8mb4_general_ci;

--
-- Dumping data for table `utilisateur`
--

INSERT INTO `utilisateur` (`id_utilisateur`, `nom`, `prenom`, `email`, `Mot_de_passe`, `date_inscription`, `photo_profil`, `nom_utilisateur`, `poids`, `sexe`, `taille`, `age`) VALUES
(1, 'Paul', 'Henry', 'henry.paul@example.com', 'password987', '2022-05-08', 0xffd8ffe000104a46494600010100000100010000ffdb008400090607101106141013121315121518181318161613121718131518191a1718171615181f28201f1b261b151622342325292b2e2e2e171f3f38332c38282d2e2b010a0a0a0e0d0e1b10101a2f261f262d352f2d37352d2d322d2e2f2d352b302b352d2d2f2d372b2d2d2b2f2f2d2d312d2d2e2b2d2b2d2d2d2d372d2e2d2d362b2fffc000110800a8012c03012200021101031101ffc4001c0001000202030100000000000000000000000407050602030801ffc400461000020102030504060607040b0000000000010203110412210531415161061371810722325291a12342627282921415163353c1c23543b1f02425638393a2a3b2b3d1d2ffc4001a010100030101010000000000000000000000030405020106ffc40029110100020200050109010100000000000000010203110412213141051322324251718191d1a115ffda000c03010002110311003f00bc40000000000000000000000000000000011aae3e946ae4738e7df953bcadf756bf23ade3ef2b468d6975c8a3ff0091c409a08ab133fe054f8d1ffece33c64d2fdc55f2745fcb3813010ff595351bcb3535c73c2514bc64d65f99269558ca9a9464a517b9a69a7e0d01cc000000000000000000000000000000000000000000000000000000001d588af1a749ca4ec95978b6ec924b56db6924b56d913f469578fd32b537fdcdd3cc9afefada3e3eaabc79e6e01cde39cdda8c73eb6736f2d35e12b3cdf853d746d0580725f4b5253d6f9637843c32a776ba49c91312b2b1f40e1468c610b46318ae4924be08e6000000022d6d9f4a53cd972cb7e68370979ca366d747744a0042b57a6f7f7d1e4f2c2a25c75568cbc2d1f167761b150a89e57aad1c5a6a517f6a2f55bbcf81de46c560e3524a5ac671ba8ce3a4a29d9b57e316d2bc5dd3b2bad0092087471528d654aaa4a4fd992f66a6f7657d54acaee2fad9bb3b4c000000000000000000000000000000000000000000000075d7ad18517393b24aef46fc925ab7d16f3b0814d77d8bceff00774db505a7af5168e7e11d62bae67eeb03961a84a55556a8ad2d7242f75493d35e736b7be17b2e2e5340000000000001f2324f73407d00000001d788a11a945c24af17e2bc1a6b54d3d6eb5446c356946bf7351ddeae13fe24570959594d72e2b55c54669d38bc32a9472bd1ef8c95af092dd25d5303b811b038873a4d495a717966b8665c57d969a6ba3d75b9240000000000000000000000000000000000000000089b4aab54d538bb54a8f245fbaad794bca29b5d6cb89228d28c2928452518a51496e4968911a8de5b4a727ba09538f3bbb4e6fc1fd1afc2c980000000000d67b75db1a5b3767a9359ebceea9d2bdb35b7ca4f8455d6bd51a57a4bf48f5218c960b053cae0f2d5acb56a49eb0a7c15b737cee95ad72b2c1e13158dc7b8c7bcaf572b9373a979655ce751f37c5f13b8af992237d21276f76ab1b8daee55abcdc5eea716e34e2b9284747e2eefa98aa35e70a99a139464b8c6528b5e6b533f43b0db4a53b7719573954a56f949bf91f369f6271d430eea3a719c526e4e9cb3654b8b8b49fc133ae6af6dbbf657d6f52d9fb0fe946bd1c4468e366ead0768f7af5a94bac9a579c775efaf57b8bb61352829269a6ae9a774d3dcd33c925c5e877b651961d6cdaf34a71fdc37a6787f0afef2d6cbddfba796af9870b580046000020e33e8f151ada28bb53a9f75bf525f864ede1393e04e3856a4a745c1eaa49c5f83d19d3b3aa4a5838e6f6d5e12eb28b716d746d5fcc092000000000000000000000000000000000000010f6c5ff54d6caed2eee767c9e576f980d911ff0057c65ade77aaefc1d46e76f2cd6f04898718452824b72d178239000000305db8db5fa1765ebe213b4d472d3d2ff4b3f561a724ddfc1333a549e9df6afa987c1ae2dd79795e105f39fc11ec46e45452936db6db7bdb7ab6f8b6f9973760f61fe8bb11392fa5ab6a93bef5a7ab0f25f36caafb378255f6f50a2f74a6aff763eb497c22cbe4f33dbc2ef074dccd800155a0a7bd21ec2586db1de415a956bc925ba33faf1f0d535e2f91ab464d4934da69dd34da69ad534d6e7d4bc3b5db1962f624e924bbc5ebd36f84d6e57eaaebcca39ad7fce85dc56e6ab2789c7c97e9da5717a3cf49bde4e384c6c929bb469d77a29be11abc14b75a5b9f1b3df6b1e466b43d05e88f6ed4c5f656d51b954a13745c9b6dce2a31941b6f8da56eb96fc45abe50377001c010f0b1cbb42b475b4b255f0724e0d2ff00849f8c993085522ff5cd397074aa27d5a95371f85e7f10268000000000000000000000000000000000001176a7f67cfc09444daea4f6556515797773cab9cb2bb7cc0960e34e6a54d496e6935e0f5390000003cd5e90f6b7e95db1c4544ef08cbb9872c94fd5d3a396797e23d0bda0c6ba1b0b115d6fa74aa545e318b6be68f2b455a291dd206cbe8e92fdb0a3d1547ff4e45ce51bd8dc52a5da9c3cdbb2cf91fe38b87f8c917910e7f89a3c14fb93f700040b8150fa48d8ddc6dbefa2be8ebde7bb45517b6bcf4979be45bc573e95f6a41c6961159c93efa4fddd1c62bcf337e4b992e199e656e2a2271f55745d7e81e95bb3d889f3af97f2d383fea2943d09e88309ddf60e8bb59d4955a8fadea4a317f92312d5fb329ba00089e845affda14fc27fd24a2154937b66096e54aa37d1ca54f2ff00db3f8013400000000000000000000000000000000000000042d90ffd0231b59d3bd2d7fd9b704fcd454bcc9a42a5ea6d39c74b544aa479e68da13f9777f326800001d18dc2c6b60a7467ac2a4654e4b9c649c5fc99e55c760e5431d5284f59d29ce949adce50938b6ba5d1e9aed5edea780d855313357caad18fbf37a463f1dfd133cc588af3a9889549bcd39c9ce52f7a526e527e6db24a0eb4da775a35aa7c997af65f6bac5ec5856d335b2cd2fab517b4bfc1f8345146ede8ab68ca1b66787bfa9560e49729c38af18e6f82e4739abbaed6385c9cb7d7d56a800a6d56a7daceda52c22952a76a988dd97ead3bf19be76d72af9152e2b113a9889549c9ca7279a527bdb2c6f487d9b84e5531bde6471a6af1b692945d95fab4d2f245685dc5588aee18f9f373e4b577f0ce82fef441b72957eca430e9a55b0f784a37d5c6edc2697269a5e29940990d83b66a60b6bd3c5536d3a6d3924fdba77f5e0f9a6971e36e47731b42f5403e42578a6b73d4fa42f421e11e6c7d695ac964a4bed6559db5e755c7f0b24622b285094e5ba29c9f82d4ead9f4a50c1c54ad9dde52b6ecf26e52b74bb604900000000000000000000000000000000000000011368d194a8a94127529bcf1ead269c7f145ca37e17bf03bf0f5a33a0a71778c95d783e8761013ee71767fbaab2d3ec557c3eec9ebf7afef20278071a951460e4dd92d5be4099d341f4cdb16b627b3909d24e5dc4fbc94126db8b8b8b924b7b8defe172873d1db4f6d4ea49c6178c3e0e5e3c974284ed353847b415e34d250536925a24ecb324b966b93c56623aaa61e2e99b24d29e3cb18643b3fb47f46db54abbbda12bcadbf2bf5656f26cc78131b5b89d4ee1e86c36221530f1a90929424b3292774d33b0d13d1377dfab6ae6bf71997777dd9b5ef32f4f67cefd4ddf113b53f1d0a5c9eff002c352dc445304e6b788db51f48d51becdd4eb2a6bcb3a7fc8a9cb97b4d80788d8556947da6af1fbd16a4979dade65345fb46ba3e6bd3b34e4a5a6dde6d333f90ccf65361bc5ed684649f7119275656d142f771fbcd696eb7e0618b8fb2b46943b3f47bbb6570526d7d6935eb37d6f75e42b1b49c6f133829b88eb2b33058ca7569de0ef6d2db9af2249a5ecac57758d8cbeabd25e0ff00f5bcdb71989eee8ded79379631f7e6f72e9b9b6f824df021c94e597bc1715ede9b9ef1ddd18afa4c6469699636a9534e4ef4e3e7259bf07da2711f058770a3abbce4f34e5ce4f7dba2b2497049120e17000000000000000000000000000000000000000003856a519d27092bc64acd734ce6008342b4a9d554aa36d3f62a3facbdd93e135ff36fdf74b0fda2c73956ee93f563bfacb9791b1d6a319d271924e2f7a7f1352dabb22ad1939acd5696fbeb2a90fbdc64bed2d75d53d64498b5beaa3ea15cb6c5ac7f9fb201aded9ec661b138c75734e9ce5acb238da4f9b524f5f036384938a69a69ea9ad535d19f4b5adbe771e5be39dd2752d3e9fa3cc2a7ad5aefa5e9afe932785ec86029cafdc293fb729cd7e56edf233a0f39612db8ccf3f3ca75151ee928a495b4495925cac47c54af52dc850ab64d33a5bd4af8b0f2de65b1ea3ea919f84a523bcfc5f8fecf580d0bb65d9193ad2c4e1e37bfad3a6b7df8ca0b8df8af81be82ccc6d89833df0db9aaa1e49a934d59ad1a7a34f934673b25b6abd0da70a706e54ea4e31953de9e669665ca4bf96a59b8ed8d86af2bd5a34e52f79c566fccb53af64f66f0d4f196c3e1d3adbd6ae4e09e977295f22dfaf1d6d7dc47cbaead69f50a66af2724cccf864672b2dcdb7a24936e4f924b56cdcf67e1e7a55ab6ef32e5514eea9ad2e93e326d5dbf2dcb58db1f62468bef26d4eaf3b7ab05ca09eed1d9bdefa2d165c8b25f9bb2cf01c24e0accda7ac800225f00000000000000000000000000000000000000000000000062368ec0a5526e716e9d46eedc56927f6a1b9f8ab3ea60315b33114bdaa79d7bd4af3f0bc3da5e49a5ccdd81dd724c2a67e0b166eb68ebf5857b1a9173b26aeb7ae2bc56f473378c4e0a954fde5384edbb3462ede1731f57b378573ba8ce2fecd5aa97e5cd97e44b19a3cc33afe916f96dfb6ae0d97f66a97bf57e30fe711fb3341ad5d57fef251f9c2c7bedaa8ffe4e6fac7fbfc6b2de82829546bbb8caa5f4f515d79cfd95e6d1b7d1d87858ad2945f59de6fe33bb32095958e6737d213e3f498f9edfa6b182ece5493bd592847dc83bc9afb536acbc229fde361c1e0e9d2a3929c5463bf4e2f8b6deadf5677822b5a6ddda78787c78a3548d000394c0000000000000000000000000000000000000000000000000000000000000000000000000000000000000000000000000000fffd9, NULL, NULL, NULL, NULL, NULL),
(2, 'Claire ', 'Martin', 'claire.martin@example.com', 'password123', '2025-01-15', 0x00000020667479706176696600000000617669666d6966316d6961664d41314200000d476d657461000000000000002868646c720000000000000000706963740000000000000000000000006c696261766966000000000e7069746d0000000000010000001e696c6f63000000004400000100010000000100000d6f000023fa0000002869696e660000000000010000001a696e6665020000000001000061763031436f6c6f720000000cbf6970727000000c9f6970636f000000146973706500000000000001f40000014d000000107069786900000000030808080000000c6176314381010c0000000c54636f6c7270726f6600000c484c696e6f021000006d6e74725247422058595a2007ce00020009000600310000616373704d5346540000000049454320735247420000000000000000000000000000f6d6000100000000d32d4850202000000000000000000000000000000000000000000000000000000000000000000000000000000000000000000000001163707274000001500000003364657363000001840000006c77747074000001f000000014626b707400000204000000147258595a00000218000000146758595a0000022c000000146258595a0000024000000014646d6e640000025400000070646d6464000002c400000088767565640000034c0000008676696577000003d4000000246c756d69000003f8000000146d6561730000040c0000002474656368000004300000000c725452430000043c0000080c675452430000043c0000080c625452430000043c0000080c7465787400000000436f70797269676874202863292031393938204865776c6574742d5061636b61726420436f6d70616e790000646573630000000000000012735247422049454336313936362d322e31000000000000000000000012735247422049454336313936362d322e31000000000000000000000000000000000000000000000000000000000000000000000000000000000000000000000000000058595a20000000000000f35100010000000116cc58595a200000000000000000000000000000000058595a200000000000006fa2000038f50000039058595a2000000000000062990000b785000018da58595a2000000000000024a000000f840000b6cf64657363000000000000001649454320687474703a2f2f7777772e6965632e636800000000000000000000001649454320687474703a2f2f7777772e6965632e63680000000000000000000000000000000000000000000000000000000000000000000000000000000000000000000064657363000000000000002e4945432036313936362d322e312044656661756c742052474220636f6c6f7572207370616365202d207352474200000000000000000000002e4945432036313936362d322e312044656661756c742052474220636f6c6f7572207370616365202d20735247420000000000000000000000000000000000000000000064657363000000000000002c5265666572656e63652056696577696e6720436f6e646974696f6e20696e2049454336313936362d322e3100000000000000000000002c5265666572656e63652056696577696e6720436f6e646974696f6e20696e2049454336313936362d322e31000000000000000000000000000000000000000000000000000076696577000000000013a4fe00145f2e0010cf140003edcc0004130b00035c9e0000000158595a2000000000004c09560050000000571fe76d6561730000000000000001000000000000000000000000000000000000028f0000000273696720000000004352542063757276000000000000040000000005000a000f00140019001e00230028002d00320037003b00400045004a004f00540059005e00630068006d00720077007c00810086008b00900095009a009f00a400a900ae00b200b700bc00c100c600cb00d000d500db00e000e500eb00f000f600fb01010107010d01130119011f0125012b01320138013e0145014c0152015901600167016e0175017c0183018b0192019a01a101a901b101b901c101c901d101d901e101e901f201fa0203020c0214021d0226022f02380241024b0254025d02670271027a0284028e029802a202ac02b602c102cb02d502e002eb02f50300030b03160321032d03380343034f035a03660372037e038a039603a203ae03ba03c703d303e003ec03f9040604130420042d043b0448045504630471047e048c049a04a804b604c404d304e104f004fe050d051c052b053a05490558056705770586059605a605b505c505d505e505f6060606160627063706480659066a067b068c069d06af06c006d106e306f507070719072b073d074f076107740786079907ac07bf07d207e507f8080b081f08320846085a086e0882089608aa08be08d208e708fb09100925093a094f09640979098f09a409ba09cf09e509fb0a110a270a3d0a540a6a0a810a980aae0ac50adc0af30b0b0b220b390b510b690b800b980bb00bc80be10bf90c120c2a0c430c5c0c750c8e0ca70cc00cd90cf30d0d0d260d400d5a0d740d8e0da90dc30dde0df80e130e2e0e490e640e7f0e9b0eb60ed20eee0f090f250f410f5e0f7a0f960fb30fcf0fec1009102610431061107e109b10b910d710f511131131114f116d118c11aa11c911e81207122612451264128412a312c312e31303132313431363138313a413c513e5140614271449146a148b14ad14ce14f01512153415561578159b15bd15e0160316261649166c168f16b216d616fa171d17411765178917ae17d217f7181b18401865188a18af18d518fa19201945196b199119b719dd1a041a2a1a511a771a9e1ac51aec1b141b3b1b631b8a1bb21bda1c021c2a1c521c7b1ca31ccc1cf51d1e1d471d701d991dc31dec1e161e401e6a1e941ebe1ee91f131f3e1f691f941fbf1fea20152041206c209820c420f0211c2148217521a121ce21fb22272255228222af22dd230a23382366239423c223f0241f244d247c24ab24da250925382568259725c725f726272657268726b726e827182749277a27ab27dc280d283f287128a228d429062938296b299d29d02a022a352a682a9b2acf2b022b362b692b9d2bd12c052c392c6e2ca22cd72d0c2d412d762dab2de12e162e4c2e822eb72eee2f242f5a2f912fc72ffe3035306c30a430db3112314a318231ba31f2322a3263329b32d4330d3346337f33b833f1342b3465349e34d83513354d358735c235fd3637367236ae36e937243760379c37d738143850388c38c839053942397f39bc39f93a363a743ab23aef3b2d3b6b3baa3be83c273c653ca43ce33d223d613da13de03e203e603ea03ee03f213f613fa23fe24023406440a640e74129416a41ac41ee4230427242b542f7433a437d43c044034447448a44ce45124555459a45de4622466746ab46f04735477b47c04805484b489148d7491d496349a949f04a374a7d4ac44b0c4b534b9a4be24c2a4c724cba4d024d4a4d934ddc4e254e6e4eb74f004f494f934fdd5027507150bb51065150519b51e65231527c52c75313535f53aa53f65442548f54db5528557555c2560f565c56a956f75744579257e0582f587d58cb591a596959b85a075a565aa65af55b455b955be55c355c865cd65d275d785dc95e1a5e6c5ebd5f0f5f615fb36005605760aa60fc614f61a261f56249629c62f06343639763eb6440649464e9653d659265e7663d669266e8673d679367e9683f689668ec6943699a69f16a486a9f6af76b4f6ba76bff6c576caf6d086d606db96e126e6b6ec46f1e6f786fd1702b708670e0713a719571f0724b72a67301735d73b87414747074cc7528758575e1763e769b76f8775677b37811786e78cc792a798979e77a467aa57b047b637bc27c217c817ce17d417da17e017e627ec27f237f847fe5804780a8810a816b81cd8230829282f4835783ba841d848084e3854785ab860e867286d7873b879f8804886988ce8933899989fe8a648aca8b308b968bfc8c638cca8d318d988dff8e668ece8f368f9e9006906e90d6913f91a89211927a92e3934d93b69420948a94f4955f95c99634969f970a977597e0984c98b89924999099fc9a689ad59b429baf9c1c9c899cf79d649dd29e409eae9f1d9f8b9ffaa069a0d8a147a1b6a226a296a306a376a3e6a456a4c7a538a5a9a61aa68ba6fda76ea7e0a852a8c4a937a9a9aa1caa8fab02ab75abe9ac5cacd0ad44adb8ae2daea1af16af8bb000b075b0eab160b1d6b24bb2c2b338b3aeb425b49cb513b58ab601b679b6f0b768b7e0b859b8d1b94ab9c2ba3bbab5bb2ebba7bc21bc9bbd15bd8fbe0abe84beffbf7abff5c070c0ecc167c1e3c25fc2dbc358c3d4c451c4cec54bc5c8c646c6c3c741c7bfc83dc8bcc93ac9b9ca38cab7cb36cbb6cc35ccb5cd35cdb5ce36ceb6cf37cfb8d039d0bad13cd1bed23fd2c1d344d3c6d449d4cbd54ed5d1d655d6d8d75cd7e0d864d8e8d96cd9f1da76dafbdb80dc05dc8add10dd96de1cdea2df29dfafe036e0bde144e1cce253e2dbe363e3ebe473e4fce584e60de696e71fe7a9e832e8bce946e9d0ea5beae5eb70ebfbec86ed11ed9cee28eeb4ef40efccf058f0e5f172f1fff28cf319f3a7f434f4c2f550f5def66df6fbf78af819f8a8f938f9c7fa57fae7fb77fc07fc98fd29fdbafe4bfedcff6dffff00000013636f6c726e636c780001000d0006800000001869706d6100000000000000010001050102830405000024026d64617412000a0a18623e74c6080868342032e94744500041041040c3343de3ac75c32aaa684d804d90849173d26132dd5ade8a0143d80859fa5206de65fae88c6ac445e9c4b47795b009692231bb50753080f7bc8965e890cdaa444b0eda300e8eaf5f7c3931447dcf13aae1ffc4b922e1ce9031bce1572aa840d0765569ffbfe094cdc3e62e8f09d378e39cdd26534bef0c7377f2ae1cec65f43ce9ff5d501ff2b130ca11e8fce2fa986c28fceabd2bc6b4cfdbe3556bd617fd53c3f50337786fb9c1c99d0e3185c7f60c40953d1e463cebc86af820a53327b1ce5e6defa1763036b0b06dc558e768ca45793b7f6aee68a8030a51a781c878e6bc42c4c271d9e467ce0a4167ce5132df13297e82839133052e620b889b90c9eaa74d59028f19534a154e357b6d05a5ed60cdb3dd6239a002bb552e7ceb45a1207df1be3c041d17f4582fb3b5fa421bf6eb7c9c5cdb2c5a5172931669a30b2f6b3dc19911397c24ff60cd593371e44ce953ae5a212e7ee7018c4ba06a8db2ec293b69c1aae28b8ffe2115ccf17f274f65d226bfc5d75ea2356ae029f65a6b3d5bb858b05438bd03cc8e9cc29f9be3bbe2ead8f84ef5372da277f732ae4d22007a6d39579cccb564e7295de3d5686f3e161507d846603e65eea1ec81398add039c17b4d65966856e7da59723ea48c524d4d367ce4960f3d801ff9230b56e83a4c6a28a2d515ed7c2c1e4410382188b1a3371578bfaaa5377d44335f354b794109aa779a9e2f802f61b7efe2d37e822250fbf466dc184c466fbcc3c656ec8258ce5c7578f7a00af377d8dbba9463254fe8a65403c1270b438c791c3e725e2c027f64acab6a86a4a03241de4dba46a753348ffcd69400cbcdfc2d5128d3d37b8ede2476fc9a19239f114d8ce7c5dbc3ed28fb16782e68ccec7005de37a7b29e8e28e1d6cb43e85f51f6ca9f3c4dda084ee818998584614276a26b0083af900a140ec2775f8dc0cb04db08459e3048982933ce438b6ea0e0665d44297b29967b6900a590dcca34c0cc6e20c6a9b13026afa0c0ae654f8a13d7f37de15302f3123923a50ca079bd6c9773fb041c06269eac7d5c3c1e04f03b4637941e5c24fb0d59b14794a3854590be70a9fd46220f1e074902ceee179fa048aa604c29f71eb5a8598a6d96572293333b369c84bf1a90ad9bf6d8188572428707d53b0f512ae2466386e945cf8ee81ec81fdd037ca4527e154eb85d8fd1b478297b0c885b260f184827edb392c0740cfec80eae35131a31b49c3a4280423984cdc65cc4aa64cc7962a044fa2bf54f87b47fcf36fb580f7265ff9be2d0636d468497720fc997f146725c572e170ec065dc351645f7ea5f345950b4757db4094c8e8348b24fdc1ce899d07cae77ccdfadb6fa0872d1a4995c76f88f45f23001dfe8aa848acc575408465ea800d0e40b872c64546930679d04d34e1e3aa21844cdd4c9c0afcbe3ba7f1ff7849510ddd542bf7b7c3c27a9b89a1ccce5662a5a5c3d7011b18c9841a28b18f846968093d793756ca92c929bb531fbbc91a45c49470de6e6a91be9f976e5573c967048b98d2ca3bcdeec03fe7c2c10cc94ad9d6d0292daffa37e7e326c742884777f3a63439b9dfad2f367de466a7d67ebc0d210da723b494e82ece185be0c17389ec64d67eef9d415f7b477faf384f03772e4d66b4ea99c662e906c9bab30470ffa019211bbfc53541b95e35ef1bb89ff2f25efd453a7e4614ac2d9111a8acb0d6d1b9f111bd0f299f9742886eea163e7fdf468f0c645c06c19a4919babae3dc740312b8fd8b043e95fe38fb3db5835145a5aedfa438ae19d70991214e13657c6f86dc3007999767ad35b0bef8fa0f97527d06d6589a8ad874912bb0ed28a8d098a687dc2ac03db9c2018d4c8a3a2b4da69dd20c2fd26e640501f616246270f1d2fba2165ab083cecccc13468af3ebf41bf5fee80b22c36ccd280ffc68338455035d97e90d4a914ead7326675e76e0fd4497adcd054a2b829bcc697847994db72c2b5c52bb0ffe8c73bff15d7e77e042c6832d3125a517e0d0993c06c393ffb8feee1cd84989ae9d18ebf82c404abeadf323a18a6bca90f06262cb5ed706f0b2b6abc3a7dfa4a3f0b65cc58c9ce3b40daf0838e94bd53316931d19c5f710bf19fce3bc2dedb0b3b3f94ac35eb102d7bb4833b8dff38552cafb408496b6827b8e7b4aeeb8d20521ce8ba214ffa9267b757e3e70baaebf97e530efcb2002c34998b2a44049bae570f83ab302644df7b642c459fd8bad8c2d8bf958908be923ae54cf17c929c148da8ae35db0e62b17bf2f6a8a124d27dd4e85e631d661ffb2be6650c2d51bea339f170799792a904b7e8455f6c76e6271b64edc998f352d76571cfcd0ee61a25a6de0aadfeb9576af429dceebb9b46a9fb6e4d06c2e8c191b88d31db109644a26be51b1dfece3ba4f40e911d4e8b9df449c11b7a5719e5e2682a82bd2870c14e4adaa1e1385860aad161f6f15d1578016720acc434821bb59d0ba4b7c44a8dd41193c2f62a7a39aa031753d393be510abf0722f882e7e8c1dac405104178ffa640847ef43af1c8ddb52b1d84c30fac132a24cff4c465c77e7361585aa06ef5350508ef438716425ba4f41f7b0d105e2261928adf7d5394a0b5d33637870bb05de01b88a84c4ece4ef3b405e10f1349604e9b2019e750013fdd54c603719b201db833d19216da663b2c60396eb801cdb07cb25ff7d1cbb3f8a9def4c7c8f27b08f61467051b99f50a66182af2857097bfb0991ee1473f6d93b44a30d30a998f10fe11cc15df7d73152cd0e5a6317a9ae7cdd44dd88a17b6684f02f1c9bf6d178c43530a430ad541a938ff0b9cd8a1868cd425232795cd8f53b1cc2674d6dab855cbc1dc7104284b724548df8939155469e481f78064c3a4cfb176351d46e39677d34bee978e532c05c1a54156ab5e9279b04b5278b2a501eff69f3175154cb00d1e0e75793079a7dd3d149576a08cfba249bf67696c35f12a74cda7bc6a1e2c61b3370f3e2a74baae1215b1e7b81f020b8c29aa683303be1b93483e76131c26cedbd0f23ab5bfa9c54d3fa93e868c4dc3a22992e2bb9b4e3decd1b89c9698c55bc56d4fd2ecdfa0a8b02ec98dc151c00f460ad7ae766a731bc2d5d0ec1bfeb3f777f9a687d427c43aad9b20d97696206fb71da9fa0567166e6a01b126e02e64311b7fb67bb6c3cbeb6c58b44e26ffaf0974a9a2aac28d118ccbb7b0385b726fb39b3a7158b51de67e37cd4a0ebb90ae8f18ae5aed171c5d4dc192627db82ebf6e6105bdb5891eafa2523b755435346ea0e48bc603c0d943fbb65cf47ef98b090b049cb4e063ff1dfb3de553079d338ad9abd4ad1fc4b2bb9b6bc9757bd7c64ccdcc072126b0db7c86ca78c79a4043707fe6544eaa86ac7065c1fad73c14348b1f2ee84c068b7c964445aa37b08b25f2b0efe2f22d866c2d8a82b0cf03c7365a866b9a1ebfffce19a49f7120c6ce3a6180da9d8744ad4a26507826fb7f3b7c1c4fdf659e3d26b5bef37aee70bf20769eebe1f43fefe6c7a93b3593b8e9416d317e98dc48ec52f6dc3ebb717aec08e5b78535bccfa9cccd9cd0e923bb6fe947f0f074f2835385a85b446d9b0eac5254d7a18299a959f4d30037853e56fa01b3a1dfe4a9642923162b3586ffb89c04151f1efcae0ad7f253378445d2bcdf74d5c7d9cddf1f00184cec95aacc92417550157d2c5de212bed6161195b756039e10438b770ff30bbcc95ea2066a75713b616bbbdad0c520d5ae48d3b1541ded12d8e9dc61f58c572c21193d544fd6c0389ef2cd8c6c20b779a85eefb32901e3cbd6ad7e15161e37f77e8247183fa4cc0160ba4bd144214fe27bd91b1b8238b45849946e63699aa85f327c57ec2ba1361fe9ac114e7b8995fd58fd126b7c1c57a9b0b38ba6547b9b23ecefbed009c928ca875bd943db5500dbeb62896cf5278fc51f54d88f92e990456b83ddcadf2df5bc2de637a5b5ddc07e783cbfda1d4bebcfc7858efb070dd0287e7395e23cff250776e866724fef098692e28ce7e49395b4c85f144e982f28a2a50d8e312418aaf58b2d70f5c5d92ddc353a917abea3ffbf45196af8add9643f0695faa708184665839572f8dc5b1ee728c79ad7e655b4f148dc045e2c811b3a96d5bb9576a803e7b3efdd597b188cf019f6732b5fc14129459f0183e1c3805ae5de42c753df7df96c73de98c81af285820e849292894729cc7b38a10206acc928009cca4f3f6c01a8f0babf66fe228db169c2ce1103cd023e1a6980a0db6ea6318fd948f2d1ced57be9f5f8b2e7bc4e8926cd9140ecf1f7a20bed97b7ed9ca91f5b0a13051547767c328c577a41f8b8c4c79349feb6a850cacb45a9cfa9b7e5f9b0da61a89a93d6b9b4d1e1c46af1bd78286a86bc7bd1b13df4ea66f248d0290b8cd3169f96befff4dbaf03ec56287fbaa255b8858b4cfdf83ee66a87ed3e77dd92b601528a737794812cc8704b24fa00bcafc111e6b430cfad714dad4d057a3f37276dda2101171199c8febaf95c3be6956e7c1e6b777f95fdeec6dbd11fee3add1462f538692540eef824559e2645a520098ebad4cc2758c7be1d6a5d6d7dd61c3bc4575def83847ccc56a1bfc4e7abaaec30f67539157f4f53f815ecc6f2afc1c5fadac596821434390dd4b1d93c33fe3b34bd036d5f243cd163b215d21f33613b2a6bf3001d67a6c7fee717083383c82deef2e404487b0d740425050d9ecbc77afd7b3b72a723b2c37338fdaf19f155440411a447d38dfa19343f96a39886827530e001803b7ed49ea0480b2d73c53130b951a00cc106160991569558b1556b81104345ac380eb64f5cd92dc6d58f1950d0dca5665bbd70d2d0c6a1cb710af19f87144208b18601f1d93d62ed046845be40bb11009f3161b0ce2056aac4986338fc1251c8a4a5ee094d3f14487e1ccc2c26851c48dd95e3245651278cb0376eac3e8665b31f464da9380d42f92e19f63aa08e4d2b3c68e2342a4c34da445b4dd5047999681d58dfdde9402e4fbce8535b741f2a9cce79e73a36bff6f4e44f6628cd449dcd1e8e0c7800cbb79e21b7be054983947ca18f0218d84233f60baab19ce9844e68a1babf49a084f00ec45eb69ebd0ff1226d40fc1663a3d68dc893156b31cb70bccca02bf320f9cf2bb56c913637944e160dacd50b241816cdf902593e6a38c1a3cde5387e85f0bfd71e6897ff7ee3424584c6c6b5debdaa6231d2ca2011b6074fc6cb2bdb3dffeefdd69941bb619cb78ed0a0d1a263ccd14425f715c25098b0e556710bb75e2384cff729cff153fca2ed9cda6657a96292bb16f5f487af8558088bd4226a561d63d147ad6e25eaa39ad718c91d30d46990e34775eba28f2179f7735f6ed5e5288ac4f759e2c10f4848b322383a42a13b4c87ead2f8c7ead28d8ec1a688565d5778c862b5561809608fe94a07098b352c78680bf93e3b3f492418c0abc28a62b4ec43fd8f253e5b68fb84dacd103c722584839da4a65dd711db6068b0ba77b980472983418c9608f7466280b2034e4f8f14dc8ba6240c1b297a782b60d1647d61427e64efd7ed93b7f67b8e626f5f002fc2bd6f1a02efffb92e063569fa5f892f06f2e45cab613de14b57800e39e07ca5abab78b63e30d451b821bbca83a1dcec12ad780bc6f8c0d87f5263bf90663798f07303b4d3663b9e26b9ed949fbfeb2ec90869d59d4252d25368d065fbb0954e99150ac18190394ecfbde34ddfec8b5158a9c234351463cc14eecb5ff2c247b00ca5d87a86d835d8979e2277cfbc02c92cb4bd9a02a867a167e7168cc8959cf7bed838a8e62cfe53e027ad421e7a3e4163f54a5ffb87e0d1b81ab3867ed678f6ac705e5fc1ce6d8b953557b4006e0820dcdcf4d8180fa37eb0584af6f7e6f058078d26f45d8b46f6714ff66c716397eee8dcfd956c91b822d619da1673c9d13579bdc09077b7de715e2b597afd96fbf31de914f6408e393303b8885849d7270a358e8f347b187f70b1420eb4b99fb2b5649a01e8ff65c49965be934c7dce1a8a5ad66a81a2c8fdc73d1b8207ea20e6c48b34de8dee8cf8c5c00346a181fabbecb0ea72efc0d1995f682dfcec788d52fc0073c2059e3deaf5e35b64a02264c5ad66bc1107b2cf39f195a65ed1f423ab593f4caea5823276f4c1b22e44f5d2b8d87a1b1eec67280db05144a9e6a4bfa32282a255425feda4f4a9251581d4e34616599c8aa44ee33b67d6636448d6e3baf3fd86c68453eb894999708acadb8cdaf3251b36ed06f0184ed915eabde5d00ac5ed47a57ad18577723550f9ae9ad0580f5c7162f4384db4edff412da24750a7828b4338167e4edd1dd4d3c6a8613701d96afef386c312c8dacf3045b8bab5d3c9c1df161eb9126ca828460bfdf0fba8b9e1b89173f8e5e8a75a608c4da68dfe4a8577eb4f0e25bb82554db5b5209e1c12faf22fd97963b533c46cb45dca1aeef7a8e3bb8e9520f6ddee9fe3513554c4a1134fcc85f740f79b80edb14a6bccdf79d359596a50468217432ab688eae2028d41219988edf565ff45a9f1cd70204a69bb2697632d5d1882e645fc4e075697db66a227c825b9845628a2dd831b8b250581a5b6a38b86a4ee298315aa07a11fc8ffc312479078c604216f20906ec2d9df4a84a946a715d05a6b628ae6ab54cfd4e0e79909caf545fa757dfc200a9d0b9e34e576ea6311b78fc0a5ca26225680b9ebbc490dca072e335e0afd9f847a4cae07d17fc5d9df04a91bbe4e67713e78e28253b89037158b215d354d90d154eb98bc8e00236ae6f415046c5b476e53b06f6948abc6b52dbc23e9e09bc96f877e3a2a09ead4041df475b0591475ba60b60272fbe93983b973c004e60894ef1039057ffa837c79478d8e1e169e2d8652b0f4d85b84dafb0db8c4880c6815647196d6a95f3119ee778998e3f3d50463e1f8854ced413701e12eb532be6d7955b7561f192b9e6dcc5f7b6196fb12d4578ab34cfa4380b71c9c9209f1031db650b47ac0bd5779554acc1af288a6cee6a5e9c4cd741c86b02ee76df97e90d788ee2aae8719975bdbfa2d05602dff8e2a77f1d7de4dae71b3ec804b20753afc62df47a5eb6ae776efb9017cf0632b980b6a76162643241ec8bdd866c29a08adfcae62d95982b317ac1b04bc4ad1a8fdc3a69531d3f0d99c8ed81896552ae4ca7ba2218b481b29a5e30e5d7a2a5459a35f60d7522bb7374ef0d787b079ef4ed330d80f81f0968dd672bef2186a454e39e49cd8366cb85d2a721b26d8545b4d492dcdc275cd15336a891ffff06ba9f92678b61f1e29e53bdf497cf3620ebd5f355cb6547c822951ed15dd01f37202d3f95a86beb09ef7ae7c8217d0ae4d796a80ba91c34db4e6fe3a57d0458e35779d8c0e760742743fe67fb1fd25ce7126c6cb397d7b420c677d7e0d696b327860ce24265963e0c9a07f709e91036e5bc4048d72c91fb4b2094a3019726b3f0c4931f104fce48e239a94611ee95723bfe93c44d61c2c8891744d80efebaf136b6e975942f202eb1a534d9fed2fcf131a54847d8763983fd7fac94c5fd9268993fbeb9d3281bd61b694d3e622a4b5de4f7eadeba3a6bc09e3a6660d7c5dc25cf8d23577331facf7c6ee776e32723baec09fdcfb71c069b87d4ed502178c3899f93ae2673e0c39f7879b6325640854fe26fde1f533bb70a03372d853b6c761ac5b1b438cf8a55c85e382b6d5f15ae2f17f9a6e4291fa12cded9e3a26de0adc8f55a3d6f8c62ed76e1f82758f69b88730dc33e03e51ce54b3a7a84dc869ccded67221fe74a36c463028422da0b64b4dc4989403f5ba90b8470c331d11d2257ccd8128892959542b730de87ba762a07e15ac7c4e6adce3ec1eb8fcde30b1eda96a1e05fec160cc255a0fb8cf9ec1117082ef326334c1c167de12415761b6c0ce6965cdf17a30df5caaaf116730a1d0a963b42fdde2e96bf5cc0217834be3607dcf426dac113563f72f663435ac36d29a65c0fd484c59f26439140328329e67b03ddc57226e7f02f7ac5801597177d87522a109e1039cbcf3197e1936fde06d37aaf24979fa41113fa3fb4ee177d9825bfbb790ec314569f91523c3fbe6e8b08d0b00279ab0c80652d6550447831085dd588648ff5650e09d6240e1967addca6dcd9aec15e5e802de495d094a3b256f6d62c7f79d4eb54c0eee62c6a17973daba47c3e52ab2557ac18facd50757c87773f229b8bfd1bcea5e55f30f4d869e1e48591367fec8868d14c4531ec0b88b6f61f580620ca078eacae90ef8da0dc3f2043df79c1bf7f80b44fe5403be423889bfa407fb6add7ec17be546394d53a1c02112bf94b1872fb80857f962914d928469cea858f7261d2c499f14ad22b519b355a9a0e544a8e563845bfaf46fbe24c4566e96fe92727d03202943396e111d5ded08208d325f57a91f8b52634c1b6a3c13e7bfadbc91692f2c853757b3526f2a04560fc9415f7c4d66e89a77ce1328d072a4cd055551e651c9098b66abaf2651de705f9c0ca1c8f1ef9f77ee717b4dbcd337c48c34c0cc3ae9d1e2256e138716949e3954b3fec09b4b88d6c637a3fe76b15accddc1ae695709731940a98319715eb510186e28215b61c79428c59a742714cf156b522cd5ce05f6a7b89e1b7b5a98745fced4ffdc864f7e07c894b770bbd6796652fba993b75610a7037230806419128af262a245ac1ee92cee337fac988c72d84321f4ba9954d4c496ce5abfad19bb2c2e6effed30c2bdaaf6dbbdbc92fbc92546fbc4a57f5c54e1ca5668915888a92a4eb7e9599b85a3a7a19ea4a19f07e085dcfeb3cd0a7cc5e10cc25945556ca52a17aff672117200eb89a346fbe6be09a7a6e034e0cbe0b1497419723302259352f8c8a4caa963c2a64e1a35d20d3649819c7f9da0a7c6aec3a4ee283ad828ade3d4bcc05e39d32951fbf11ab4bd7d2ed86a2cdf642f044314cf6afd9c1f43712e630f81c156b77046700c5baa225d0dbf29b3f14c7846043b404e947ffb6a98ff8c8cf29c25e2df411d4623ee4f23325e812ac3487492c6c5e085f4afe8a499438b27ddfa7621f6c13f41dae588c18252ea5ba3b537b9959fda72f0ff8cd7931d609a747c45448dd4d1cc4b0093fdddfed1fc9a4e3d719395ad321da0a9e99c62c75f44b8694e9f1e04ced93526b45a49e5f6bf90676e9c47b5d7cbdf2899dbb73da48ac413fec27ed687c477883ef7c97c188875843fc557c00dac2b46de42b9f3b0fb77714d4689d5135b34e8307aa60b5a77828662911f8f995bab931fec8a88042452225da3839de8f8060135306a83df72c12ffb1dd58cb4b4ba29c085d2c1b9b35d462e587ee8a12d40f6d742d1ff0d9c63278ab40a1549c9774865221fd56bd576a89f4f214d4981025906ff3e76011848e6d7db72b07ce21f6bf145461c475e7e907c4fea899ed9744a7841807dc4b054b437b1743168e64036ab6141c8989a35bde5ca53b45b526339b0ade0bc2a799bce06fc66ae88e223f9d9fd2297d652d9cb04e50bbf380fbbe4c1586b6f8ee02d0ea860f1fdacabb86a928cce10e1880963c143eba44d762e7946e3ffb9a1920a7e2ae5b71241d6aec6e43186dcda5b2f56b7147515fb12ee2769f2b1b7cc4a53b9273219472ca2d93d8c432b92718e5bc79cd9479f162e20de68a0b9eadab39dbff809dbaa9c69a7ac0668e7e441e964aeb10005182ac96eb78ec5258a893cd3e7b8498c350d4d56d582ec8ca05ccbc1b831da34e0a32a4881fa37a9f8f6bb7a962e8238c478636e63f4ef26883e038983614e50b6c62854f97c1f9a6c834e14b9364a229aac550233f206d3cafe945e45ff12c19d0c249af81c229accddcf6381f350a5a817176300f9826aaecd576d24acde4ad8d6efd04f9ff9faf1e604f180b56f52f50f90407bb88463f82c964d70c1a4ace59f5aabf3f2220eea37a89e0ae7055dcc8d8523ae7e120f5562306ec0fe4ecb82ac18526c91b11629253a112507207bda70ba870e21a6f636fc263e73f3a9aa5c04f991ae4fa10d1171de48dfe271aebbe133942182410741a36c300fa772b076fe1e1432bee720adb30cbb55b088305602bcac6be79cf1540ff38bacd4c7bc1315c09d0077f0ce00a72e32edb1d036eb0cdf73db3722f8ed5d36e0c00a45c6597da534100a30608f4ec5cc33a4489b0cae00856c53e2597f132ba83b08265ef581756ab2a39905c1abe29be335ab370d88d91265af418d4cb68737995fbadf7e2d979df923ac1fc0ecdcaad460054a35be7d99b7e6af28f59bff771c54b9a3321d292befabc5e75a3a716f3ffa37f292f78c52406028c1a72448e3ecb9b983e0c81f1cae0323b7bf0da27c5eac60a336850478ff29f147c9fdf01d58c63d29eed4938b17cd07ed486b233baed5d226bffcada8960b262fab148722c449697eb1448263707df2b6aad0d41b923062b28fe169dd2807d50542e51b5ec2a5065e469fe03c664d1407ef160fd1429e275ad770809e01c13905f97d8669125e17598383807463846fa0301481bd383b31e23418e1c8bf30bbae6882ab59c739ccd6805860d5df75d6ed8d71fa611d01ecd860029916d8da2495c9f61196c0d21c94ac7671712c69d779d62343f4eccbf1325d42a40be2a2a5ecd9e6f568e48c11a88e422cc7b80849858bbf1cde83825f4515606824c08867d78d043127adb42184daf651fba6f3cdecafc3ae6f7445353e0f00e39819e225f5088db0a58746a8265e1a0fbc607e1bf988f6e56b6386315c014ce59f29085931f2eb27b0aa5d336da92d6dae1adc3a9ed8304b69e4d0f7cbc2aa060cd9f980e316085129512504966cf535c26e26ef1e9b1f16d3dd0335650f47775c7fa6c36ee342979aa00fc5e00b2dae9d14fdd6e67e291a22ef12514558ad50aee991b42af6c4301ed4fcaac0f36b23dbd35e1504ddb23cdce5f6f574b8589175d7e237d051a1e5560b7ba2448679bf434a6faa86a145518e111a4aa231dbc1683fb6134be418f0ef47515605bbd1b93dbf77dc4fe3f9429bbccae40a0aaa92fa1f0356085a619900e338b34cff2372956434f7ed84250fc1652c57142e73a0db11004dd9038a7436263de326d4e63f0dce616dd058b7928c098d85802d318e98804e82282066c911b1821c520575eefd7d991e8f98be6cf4ecbfdc1030b3e567804066bd3459955f67255ec4fb92c69ca011a76705df975190a77fb0a00e46b858bf4718809b9a4467677c42216fab71f3fe864b1576a28ddcc16701a19e6f8d99ae9ab3fddf644d2cd9b7103d62e70fdc5add94dc250c5cd1b7103b8f6566e717be359f6de25e6117a13c6bbec46e0ae4616269d20a500afafb6248308ec146d2ef09463fcb4f6015fcc8244b141f9fa1c9d81c7f4b71748cfd5ff0fae8f583930a204487749f2864d4efc48ff9055e40f9142f10f39b7e111dd9949f18eb78d3e181f4ad8d2a1a8d221887c1351d194b7eee921eba32780e10763c66c69aa662b5f745acf7c0cd3ff553902f63dde85aeb32a2152df3aef5bb61132c2a70e5390b2cc078b7efe479c39a4ff7240f6f9fe4d831b3185821835cc8dea0f8708e558f68a36b6573b02b7a1a907fc1a7442403669d5b0b14a7ae9c0d1744487936cf2436ae163cc4d2ccc41f1dee38caeca932e03db0864c0ae7ace6c3902af5679cc17689d4cab7807d144e3ed96778ddcb12fc58559635d95275a29a12dda01a6c0a0d2d37cf525a33542595a8972ab2a67f65c9ee14c24ed5d4fef99703f58cc0648a450131badc9f1c862b2897ebb794eff592f6fe619978d49322778c9018e00f099e8cc73cccad4d19bb59f9300b25d6fb399ee839a5eec874ac1c3f05e64bdd6a5a362306842ab6a70f1d804cc0c2f01f7613ba85fec1df2f7a151952c06ead27e6298191040cf62bc74030649b476c4af0b857a8609a610ee059f54e1493d150f44f5c061d3adcaa412284736b0f976fe53b7e2f6f66846c5176b3d1d433939ca0a390f9521346759b02452db53e014da7f1bc225d988412c2b7d7347fbedd2d1777cdc0cce1c370bf5979e886a8363faaa5081052c650e953bfe68a3b0bb011982744f560231db0dcdec23e7a2ac94b3f79290e97fef28e9670304e40a26617daafdf4a805a6c3ec5af4a3f0b4d3a7b356024851cf29eb763d0bebacef85ae742861615a688a09cbe3f201d9733b3c3f4613a12e20ab38adf3eab97a82ae907b46785b98cd2d8ac6616787938b7a3bf011eec76e86618dded37fd4747f4b76bc7678a7aea058bfa9857dd27558d180ecec4412bffc1df185cd93bec033b6491d34f9dc9b9e235fdc2b973d36ddc6cc5bae6ca6d68a51197872bb25b00e8df46a8ddb8dab22715bb28df776b2eba48642f2f6372a072ddb8af261b856f0b607deece9b3de7fbf47aebf2d53404435a638601c197002061d8b2c7db9951d425cb78fc9a8af66c2e9195bf1ebfe0c3fc066b51cf76d58bb10a84a9976111a7f11714e151841ddcaea8597713ac0294ce83fa1b2d2fa5ecefac8d395614e00207cd39ada45648f8f0a11b8bcbf33b9d8d63670e247ef0b1a7467a158f7ff0b2e1f8314db89a0675a3035b98aa00c100131053466ea83e099c1edff85812ae1180f1b302e54586ba53477247b9cce4f021256f2e3f30e2f01511e591f2cab7e3c23f716c8293de45bbfb6c7642bfbbd6b15ef5a842e667d10fd050bd731fe9e2a3620445c3732cbb784a6f5031554b0deeeaa9da1c4651dd97a42e67a087cd4ee767ec04a634354bf3c2ed222f610a1417423c1caded4b6b0f542bdb62bfd9dc5d5139d3eeb0ec1328644ee850268dbdcfd1c7f2bc0b3f196ed4570ae4d9ee5cc2680f741f397a76a8e78aa8365854751eb26a6ef0bf4fb4cc5296300fddb04195b92e910bb5b671f2d02a23c87ace48e83d57f18f2117d54e18989bc3c7a72ef79cb5f619020800cfd6f5cc8321789c055eeefeef93826cb948ea505eef45d48b0d0e9b0e8, NULL, NULL, NULL, NULL, NULL);
INSERT INTO `utilisateur` (`id_utilisateur`, `nom`, `prenom`, `email`, `Mot_de_passe`, `date_inscription`, `photo_profil`, `nom_utilisateur`, `poids`, `sexe`, `taille`, `age`) VALUES
(3, 'Bellalem', 'Nadia', 'nadia.b@example.com', 'password456', '2025-02-10', 0x00000020667479706176696600000000617669666d6966316d6961664d41314200000d476d657461000000000000002868646c720000000000000000706963740000000000000000000000006c696261766966000000000e7069746d0000000000010000001e696c6f63000000004400000100010000000100000d6f000080fb0000002869696e660000000000010000001a696e6665020000000001000061763031436f6c6f720000000cbf6970727000000c9f6970636f000000146973706500000000000001f4000002ee000000107069786900000000030808080000000c6176314381040c0000000c54636f6c7270726f6600000c484c696e6f021000006d6e74725247422058595a2007ce00020009000600310000616373704d5346540000000049454320735247420000000000000000000000000000f6d6000100000000d32d4850202000000000000000000000000000000000000000000000000000000000000000000000000000000000000000000000001163707274000001500000003364657363000001840000006c77747074000001f000000014626b707400000204000000147258595a00000218000000146758595a0000022c000000146258595a0000024000000014646d6e640000025400000070646d6464000002c400000088767565640000034c0000008676696577000003d4000000246c756d69000003f8000000146d6561730000040c0000002474656368000004300000000c725452430000043c0000080c675452430000043c0000080c625452430000043c0000080c7465787400000000436f70797269676874202863292031393938204865776c6574742d5061636b61726420436f6d70616e790000646573630000000000000012735247422049454336313936362d322e31000000000000000000000012735247422049454336313936362d322e31000000000000000000000000000000000000000000000000000000000000000000000000000000000000000000000000000058595a20000000000000f35100010000000116cc58595a200000000000000000000000000000000058595a200000000000006fa2000038f50000039058595a2000000000000062990000b785000018da58595a2000000000000024a000000f840000b6cf64657363000000000000001649454320687474703a2f2f7777772e6965632e636800000000000000000000001649454320687474703a2f2f7777772e6965632e63680000000000000000000000000000000000000000000000000000000000000000000000000000000000000000000064657363000000000000002e4945432036313936362d322e312044656661756c742052474220636f6c6f7572207370616365202d207352474200000000000000000000002e4945432036313936362d322e312044656661756c742052474220636f6c6f7572207370616365202d20735247420000000000000000000000000000000000000000000064657363000000000000002c5265666572656e63652056696577696e6720436f6e646974696f6e20696e2049454336313936362d322e3100000000000000000000002c5265666572656e63652056696577696e6720436f6e646974696f6e20696e2049454336313936362d322e31000000000000000000000000000000000000000000000000000076696577000000000013a4fe00145f2e0010cf140003edcc0004130b00035c9e0000000158595a2000000000004c09560050000000571fe76d6561730000000000000001000000000000000000000000000000000000028f0000000273696720000000004352542063757276000000000000040000000005000a000f00140019001e00230028002d00320037003b00400045004a004f00540059005e00630068006d00720077007c00810086008b00900095009a009f00a400a900ae00b200b700bc00c100c600cb00d000d500db00e000e500eb00f000f600fb01010107010d01130119011f0125012b01320138013e0145014c0152015901600167016e0175017c0183018b0192019a01a101a901b101b901c101c901d101d901e101e901f201fa0203020c0214021d0226022f02380241024b0254025d02670271027a0284028e029802a202ac02b602c102cb02d502e002eb02f50300030b03160321032d03380343034f035a03660372037e038a039603a203ae03ba03c703d303e003ec03f9040604130420042d043b0448045504630471047e048c049a04a804b604c404d304e104f004fe050d051c052b053a05490558056705770586059605a605b505c505d505e505f6060606160627063706480659066a067b068c069d06af06c006d106e306f507070719072b073d074f076107740786079907ac07bf07d207e507f8080b081f08320846085a086e0882089608aa08be08d208e708fb09100925093a094f09640979098f09a409ba09cf09e509fb0a110a270a3d0a540a6a0a810a980aae0ac50adc0af30b0b0b220b390b510b690b800b980bb00bc80be10bf90c120c2a0c430c5c0c750c8e0ca70cc00cd90cf30d0d0d260d400d5a0d740d8e0da90dc30dde0df80e130e2e0e490e640e7f0e9b0eb60ed20eee0f090f250f410f5e0f7a0f960fb30fcf0fec1009102610431061107e109b10b910d710f511131131114f116d118c11aa11c911e81207122612451264128412a312c312e31303132313431363138313a413c513e5140614271449146a148b14ad14ce14f01512153415561578159b15bd15e0160316261649166c168f16b216d616fa171d17411765178917ae17d217f7181b18401865188a18af18d518fa19201945196b199119b719dd1a041a2a1a511a771a9e1ac51aec1b141b3b1b631b8a1bb21bda1c021c2a1c521c7b1ca31ccc1cf51d1e1d471d701d991dc31dec1e161e401e6a1e941ebe1ee91f131f3e1f691f941fbf1fea20152041206c209820c420f0211c2148217521a121ce21fb22272255228222af22dd230a23382366239423c223f0241f244d247c24ab24da250925382568259725c725f726272657268726b726e827182749277a27ab27dc280d283f287128a228d429062938296b299d29d02a022a352a682a9b2acf2b022b362b692b9d2bd12c052c392c6e2ca22cd72d0c2d412d762dab2de12e162e4c2e822eb72eee2f242f5a2f912fc72ffe3035306c30a430db3112314a318231ba31f2322a3263329b32d4330d3346337f33b833f1342b3465349e34d83513354d358735c235fd3637367236ae36e937243760379c37d738143850388c38c839053942397f39bc39f93a363a743ab23aef3b2d3b6b3baa3be83c273c653ca43ce33d223d613da13de03e203e603ea03ee03f213f613fa23fe24023406440a640e74129416a41ac41ee4230427242b542f7433a437d43c044034447448a44ce45124555459a45de4622466746ab46f04735477b47c04805484b489148d7491d496349a949f04a374a7d4ac44b0c4b534b9a4be24c2a4c724cba4d024d4a4d934ddc4e254e6e4eb74f004f494f934fdd5027507150bb51065150519b51e65231527c52c75313535f53aa53f65442548f54db5528557555c2560f565c56a956f75744579257e0582f587d58cb591a596959b85a075a565aa65af55b455b955be55c355c865cd65d275d785dc95e1a5e6c5ebd5f0f5f615fb36005605760aa60fc614f61a261f56249629c62f06343639763eb6440649464e9653d659265e7663d669266e8673d679367e9683f689668ec6943699a69f16a486a9f6af76b4f6ba76bff6c576caf6d086d606db96e126e6b6ec46f1e6f786fd1702b708670e0713a719571f0724b72a67301735d73b87414747074cc7528758575e1763e769b76f8775677b37811786e78cc792a798979e77a467aa57b047b637bc27c217c817ce17d417da17e017e627ec27f237f847fe5804780a8810a816b81cd8230829282f4835783ba841d848084e3854785ab860e867286d7873b879f8804886988ce8933899989fe8a648aca8b308b968bfc8c638cca8d318d988dff8e668ece8f368f9e9006906e90d6913f91a89211927a92e3934d93b69420948a94f4955f95c99634969f970a977597e0984c98b89924999099fc9a689ad59b429baf9c1c9c899cf79d649dd29e409eae9f1d9f8b9ffaa069a0d8a147a1b6a226a296a306a376a3e6a456a4c7a538a5a9a61aa68ba6fda76ea7e0a852a8c4a937a9a9aa1caa8fab02ab75abe9ac5cacd0ad44adb8ae2daea1af16af8bb000b075b0eab160b1d6b24bb2c2b338b3aeb425b49cb513b58ab601b679b6f0b768b7e0b859b8d1b94ab9c2ba3bbab5bb2ebba7bc21bc9bbd15bd8fbe0abe84beffbf7abff5c070c0ecc167c1e3c25fc2dbc358c3d4c451c4cec54bc5c8c646c6c3c741c7bfc83dc8bcc93ac9b9ca38cab7cb36cbb6cc35ccb5cd35cdb5ce36ceb6cf37cfb8d039d0bad13cd1bed23fd2c1d344d3c6d449d4cbd54ed5d1d655d6d8d75cd7e0d864d8e8d96cd9f1da76dafbdb80dc05dc8add10dd96de1cdea2df29dfafe036e0bde144e1cce253e2dbe363e3ebe473e4fce584e60de696e71fe7a9e832e8bce946e9d0ea5beae5eb70ebfbec86ed11ed9cee28eeb4ef40efccf058f0e5f172f1fff28cf319f3a7f434f4c2f550f5def66df6fbf78af819f8a8f938f9c7fa57fae7fb77fc07fc98fd29fdbafe4bfedcff6dffff00000013636f6c726e636c780001000d0006800000001869706d6100000000000000010001050102830405000081036d64617412000a0a19227e776f0404341a1032e9810211400104104140f94165705183ebcd4d061c1510717df3519d0a70d8298c4c02381bbd2ce2c25186d415f8d44da42fc06f9d2e6b2ad9a8c852b01b6ef136ff7831935968cfe9418ce6d0330ff90f7762966c40c9c41225a903444e2129cbf1efe3ec44a157f6461f3ffe7b3ef7530cb135861db95a9210e629d7f6d974685e18ef11a06def071810a20909452b17350752a3745d5dbe4090a87d1f40b5d7b92b147a6901084e0fb46b2a23e6b9166a540c04cfbfdb699aa63a4dbf4d305082ed19b3243e89223b3c653ca369a99adf0c55fe0000e8e9eb3923ea440229058f0e0e43d83c079e0957d3eef2b2d42d302d290a2af8495309160a177da0899fb8e3b2380eca76309ed31dfe0f992979391d94bd6d1de19ab52452fb4d72c5e2eec4a6100582fcccbd4452ff4b0a83064b2715473f20569286690598851d6415b5d6688128bd0ef6e979f7e08633141c19852593cc36dc5263d53634143db2e7d57a4de1b210958fb0166bc8f51ec9b8a6d3641ed32bb7032c83ccfbf7890fa6b2e1a903899e90ef3105f4283410cd9619d2b3bf3f84c296b95d384c2544fad1e9cf608a3824e0ef5b355457e048983baa88c6618125261f4c747220ca84c6748870cf0b58cd1cda3c32754ae9c39423df435388c648f524e884a837fb89d6752004bceafe01041aa47e4f05145dca8abefa8717c124a44c79af1d44cce7c10333a4ddad5d8c4b1fa95f10a7ca60c3529295df2904f5d8d0a07dc70f6c43faa60043febad0d988d81c0e1a443d96177cc7a3544aec73bdda1cb5585d3708ef9fa5c68517230dd369b53265021175031fa187104417c39baa3e0178137b334d6416a10b768293e8703dd64750190f204e6af169d812780373ba2436010e7d3f41ee5d0f2a5151a1c676847190d5b38cc1fff8accc72f22243d36c753798717449d2a67761bd8734c390c03e634ec2de683d049f4a0dd2e3ba4d55ff3ea712bf72d8639c6e5037547405c0312323f02db31fd609f358350487726c0f0f931dbb88b82531681b6dd1d5f6cbce86f57c010a0cf355799d9c33aa36649484af435217e4de01298933889ff543cda1dd45743a6f9306c751eb255f6c738ae3c7e763b8c311229d0189c69465b3286f1a630677261e4991738987813b38320290ea0276b7c30266bfc673103f30a1a5fa97d594dfaa7b2213ee4721e9c426e95678fc06dff5bff3a144f665f9482a67b8eb48c40c92276217a1504c8ef6b8c4b04a12878dd5424eedc217da0aad6119d366184f668f0bc61e5dbc1c257d99f61c082d27d073006108fc9b82410e4141a99ec3faf76e68853610ce339b593f26b0c92021a853df86e47bb4a6c63488b4dc1ce93a3f9ec1b700f1b79249a886d3432a1c0c60de5be97a05be7febb541a9c1b289572411504f65212c6eed93d50220a23ec33258e3990df862c9830c1979a6f0372b5d93dd8cf25ad925ceed04c8fa77d307317dcdc28ee2af35ce4fdcb6483d3a842b54f36657243241e49ca7400c22d9d3860b4dadb304e52cd263ff1f0d4573fc83fc9820bbdab2dd336ac5cdbbb7ae60959f9a772ba03dc039fff1856176e32f0c7ec7e4cbe9e84d1ee69c1aea20d41682a55d2f069a04f362ae14681e01b2973c61591ad1f02bee76f95810df0e8b4cde3913698b3cab91f3c1f107a49a7f651f3dcc078765f5972d04ae14066be3d08d5d82ed2ef642742ebd9bc9aae04a708a5870d67d923f3487ace5d3cf528d9cf95ab9511535db66c545e7ee9f02164dd0e63c87f67df972edb78ba4549e13165495f3342ba1f9e879dd677e5d481462a545120442ab6564729031bcc752000413cb23ee4db39047a6a61a009b1ac5410e2affa56afae60ff8af88e39d87ceba116129f1df7f3d94b80be605c16e8a97c4b6cd2b2c1a8150b6d2aa57f4a3f3dc06d86561d1303e7ec9f5b75ffc58a11f8ffc6793fd38cb8a948e9341fb90d0160e1620bfcc506d5aa8473b39d46f62e7ab3af5b51f57ddeb458ee540eec60999fa48624e0c389e2ac9f565409db558517241c0cc2f10c3b912106df14cb2d192d3f82a7f16df7af14e8a559079a8ed3b62ee04eeccd5d574579e5c370848061bd3e26b33f3d6f51ce50bea70f581d970a4192e28de3a54f54ef0b80455f7b7b4854de0ec6a85513af457ce8e05497e26732bc524fc91fda1246d67185144d89e99481c4c6397de579c8ecead0328f7ac67f4f8695e17afc6874d5d5d36feb58c4d7564dee449920d98df616a0f16f8670e7e5dad31960b2ecd067635426de23a862302da50de188a70fa8daac95ffe61b274dd00423b60c7e76e2fe76112f837e368ebe577370b0d77dd6259ab8a7674086a58108ac3a200df7542046bc530a40c33d28aa0a8955faa536ecf0f3dc7e0b16e2958be7aa37c5a740368ade222172acf7ab8270b4cff41af5ab61df7fc92173c1f43e80d40a073adfecd9deddd4a66b8e47f20d92ada4648dd0d27cc7981f2c2688e129dc233f6b6feff8dcc21837e83accdcfeb6936f7e929a5064b252c03985e6df3cc46768314234e8ccb8830da9e9441313a35e4adc6dd700fd5eff4251b339e4e3301d1046c148139cb51546949aa1eeb11bc08ce2e75b8eff1bdc82c5ea52e3b359a618b8c1017dcd36dab0a50aa4471c7103210d76bda09e4b3cfcf379bcf377577c4d5ea3dfb32a25d07b3b69428a590e1a74f406c1fe10f5261168bd45daf21aaa02732224705461ea7889fa740c3958c6880f7cbf00797306f59ac08f88edae3c03f81f1ecd1f59c0e6e25bd676ccd9d72b8086b7177e3bb7108ab4be3a66b048b6683de31a3b6cb26840380611586ad3f312cd83ef8bd3c335bf008b647138b9e4b420ec26bffefef31dcc35bcc0b7a1dd22c7da1ced0369d09913ef05203cbda373f4ed71a42b1500f7e1aca9f487514b01b7b5a05f38f3ac1db6ef654f00124a56c12e9fe2b41e37c3fdcbf93fb4ce2bfbe52d715171c4fc57efa79c6383b21f2647a2230c18935e3fd018a8eaf43dd7e5df619fbcd6ee0aee7ee541ba7edbfc582ae0ac4cb30370d2704347416a30c99236395af7bdf0fc60693c3852b65f508ff49a9c1b7d19f7c9d3141436cc1a64d1cf750b95457b6ddc70233f70fe7b9c7bdf1623f8c74827a812a5608dd55d454d3df1aa7dbf2bd8fc8c9c95f3a0a0eab4ec55221a6dcc79f9d59ee7e4d0c818cbd7bb10efaa2962f855c6c55adbf2678e4a50a69e79fe26676c2c2d0409e09ba0fbebf83084473dde75914779ca1ccb70cf9a244862546ee17ed460b0d6d7799dac9ec3b6174e2505dd3e2d0963991ea6a6c96240d6877c0a95c47f0c0e03c58c74b74a2328c1e74e3818a932561f2bebb29b061ed07d1091bd1bd6d7bbcc84fee5fd28da2396aaef2f1745536c0a3bfb6015b55c5d391cbfe35746a381e077d8bb66eb91c42469c69aedafd7c2053b65acf9a8b22429c48e4c116f1b58d165f61e5aeb41957c46496719bda4a647b24264ca806c4bce19b0db1b7d778cac068afe83605081e7b0d3d298ff1f96e4faadb2e0245c0f1d3ce227436a08ccc6ced9118e71a10d5538b3077472095feffc95132dff3d7e76a82a74405f4e6a9e0a79cbb8d56556d35cbb940ee2b21b5fa8c1d00d2baad28b6c05f9cc913e6c6afe8e61321c706ae817cf412016b113c52c06b4b8454fcf8e4de1d5cca651e704cd88656a2005bd9016b86eb062943502178e5fec68669c96a2a0ca0a81fbda71e145d16ea0ecfa9d83d53722b096a8e2f7442766ef9c4c4fc5b7abdee62eeb601ed2a3b1b507722729c9a80c84a4cb493b808957dcea5a015d3ba5eeae91c4695f1f6eff7b0b6a3718b2cf4bad35d4da9b760a1a63aba7dfaa3b94928d5bf6583fdeff0337ebf5781d5b0b0f89f55c13d0702529b24369f31c3224f163bfb401bb0da58e3ca3fb991ca318fe657dc4508bd8588a1739cdb42473d762af8bd7c951301342fb1dcc94d6106d816c40992205f323ac6030211702c4f2b11058b5b391e5dd8f899986e1c462affb50ded4c1e2df508432ebf348e9474f7a497ca38407a1239d1ec1c21f6888987b4570bd54e0528c4ea06052d0691448e66080c832983bb5ae805ef8c7dd73bbaedaf05d4d04f006a92a4fe1f049817d3d5087ca552a4ec5bbef16ecd2ac073ef7c2b3b25e32a80c129ba12aa230be6e9998755512cc6445c693d4725c51b83550a9e0b3ab3f052ed21965ac4fceb11e36ce732b3014dd3f8eaaa6fe5f0f14f8075e84fdb72996c4f3008932c533823ef4a7d289a1d36c8dc7a525b9fa45a58f48c3b0d9db11f7c606dc4244aa57d3c05bc36bbef2d880644c9cc237478df3641922da78b85011cfd146592d82491190131ba8da742a1188e94c703654b0f8dadbd6e1b741817a1b2991a813df0068912b84f4b3f5bdecaa8b5a19c2bbd67281ca466900e2d37ae43c4c5e268ae084dba7f68087d415f2774fa9996350819484a1d8f9f956798836fdecbb64c7991ebb8cb7109d1a4c514b0674e9b3dd60d31bc6c9f461baa88a8f7f796e55a63b46d3a7172b6272285e4c0d43870efae7ad2f08af96b31fdedcf85cdc84d7c6ed2f2337995f935924f06f16d821debadc8eec84e194f1107565589c6145d6fba581c5cfded5e2084f6b278f50e2c6a7f4444292249e511619ac322d38e0ce5d493ffb1610cb48e31f52e2e0cb0b2aade4ae911f80480534db6c4bcbaaccb061dd9b3854dd0bb4e886569b6d1e912492cdfbfbaff9e837629e4a3863b871dd5111c4f56c9deaebeb516b86af9d4a777b0cb4126479af932c206243766fea3c0a19902307a33a1cc267dfcbef4cb488b1f42554937d0be61a878954c2477ebe03ff7e92c79d2bbe3532abe178a24f0fb47101935513921b10120d7887fad036d3b385c53471d00c796c8e0a2c637f074d36fed13041f3755460564c4f888a534d02ae7c57963534041d014f40ddfdcc4dd6f7b64258b1043abf01af4032a5dba74708b63a5cd3d2b7c6a1d2f496ddf0e5c03dd15160e5e4fe214fe919ce926409952fbb3b26d5618f18de3984a2a3b96400143e55d54bb6aadeceaa2acd2ad6bef00208ccbc689df04e8397842fa7f7f4f9f75669f3ce85f40695a1a8c56533d1ca34fcb7e794381366769bc9521af4b9d2ecb7a5d7100dab906651fe422e9894491065b0a768de94182d42b32e58c886a94a2b0609f4c03468a86d8452d08a8846e719028b4f3a0b9d618aa111a31a643080c76780099f43ec23930151fe58d3529885d82a3786fe313b287a019c70a0db7d9a647ec411c64588cee6715bf9e7a64f0834870ae10bcc0e5c5c0a428770ef423647e2936f18550c734cfef2bf44dd994ce70d6b927a1de5eb1e52aebf0439258a5b4958fe31302c8591af617b62463a5c966814baca3d46146db147537d4f25ee5d1eb97b3e6bbb0135dd5bcf1aa44c710b994daf878739d48a0195456c1fe18d59fcac06a82efcbbd2f9dc93dd5cd6798c116e1336f9eb3b66f8b3252c3787eb6842e31a3f2b799de46115104f61139f0138eb1f633e91025c5b5abe8a084088be41819ed870125e8279b85e1d28e1e30e865fcc7880326126f01cf5f5f56397ab08f8fb26efbc750cc57647f9de3673afea4b1d9f870474c68e6dcf96d17d24c52a93e10e6ad02914c09a252ede9a6cec3927e7b303a13a4558c3d585e051d1c91223edf5d5fb96130a0b933ecd662641cf14517b78f5ff66d03b7fdcd85d5b492aff1c461f283b106099a0be41d2068180124bddb155b62ff53e7fb4d3ac9220adb0b4d9444e9eb0adebfbdaa8565578d34ce5b3fa3b7b2a3a571d69598d5496777164931384785fff2ef5c2085472f8594dc3a4bab737685050a2a92d8c310205111b9f49786920057839586804e864e25c7425db18e56b0726a1df34e4bf67778d657b7a7a3bae7811475fe334e3f432168c7bf5dfe4afbfb0215e54cb41dbf8aad6dc85992bd99ceae850c64b3787dbca7bc18c811b47d8852b41cfa00dc885a48bdf2eb652e26dfc601a8310fa6d224eb12e9955c028a2809be8ecc6ba08dc3edf86914f8bcf553e7cc1a99e9d14c070e0b341155142bc95065244181cce0f86514c2762df1e21cf7c11aaa2004733f95c3720eab9bf1832065437a7fbdf502dc02b802b06865e727292d799ce338ed78d471abd5c0850d71d1ab1020e46d806163c11f02f1808914e54dd753ca3e8ba78e8e681c9f0386b0a862cb4a3d71c9e8f0606f9fae1180a7f3734e3d5487bc93851185598dfbb7c76bfa04d81628f60051d3aca80134dfa7de0ebdffeb4968f65aae4c026a41ce241468b20ba2fadf1a8220df8d4928c672ca46617f6ddbab2f21d9b8faf4763252d1918d8e5e02cfe539c4ad57238d96e8c1dacb1b7121bb17d826617f1811764f7e987803a098d9bcad9d42d6a0da47c75c697ec85a3073cfb0528775ce440f182f36f74baf7455331b13613c63d158145757daa246276d533ff3a9bc54def301acb8d040a43eca097253735c3aecdfcec70947e909466d40b50b54882b8f5829f5f124b3101a51d08deff23d9648e71d52c882cc5c117b85f70ce50fbfccb6229343cb16615b355de76cd904e800fec445a561f7fce3c6ae213d02dae82213fb578ab24e9d5a15267dd9980301aedac9ea1d1c319e8f1917150f03e39a85b210a78f29ebc42095564121e745ce9ffc059eac266ae5c7d89fc0dfdfe30b54694508bea86a39db4dfb16dc70bf22d4d31c7b8176ea4974e04f9b1dff1234ee0565c4ff6e3db1b6cd55bcd6140d3a7779d4ac46ab985bbd8357b5bd2d01687928b3f715abfce325a6267ac8ab10a5246cfc95ae8d2d22d4d7cc46a48f7b9e717476dda7240fc6eb36603a314e4056fa7fe882fcca80f8ba1ee91fe1bcca70f72a44ddeb2e4ef1f640f01ad9c6f31fc93b8b1a9623bf7261360057e891fa6ecb62e9bc08c50d7a72e9e1b8a89a1a1ca4798b1cd081c08da864a34a17736da0ef46e6661ae0fac36009378b0a7f37196e815659a288fc42c2c9aafa650ca9b616314fce4ebd72d268be1bf363592012c1a5d502833d996601dce9ea2c1b028149248f05a9f1dedc0285ab068b841e46ee5f561850785b31e41501ded2bd3d09cfba50a6b3139717ee3ab374037071b12e2665dde73e94a531a98b83ce04d0e7cc9fc66e085716cf7b5fe4469c11fb7bbb4eaccc7285d39e550ddd7275d2ccf1c633bcb23640330905494c0947526b1c857f8d26bb42aeb0730a18484260a5459e92209bf45397f878b381d485d99e3a8d145230f892a3a5e02bb8e0c0ee5037fd5b525de79873e700b772179f9381d491ee3396333422859de9a176f7c8e8987ce3dbdb521ea83bd455aeacf35ef1ab1ee559ef2b7c0dd4a4a4a6decf872ffe8d6345e6bdfd479faab41534f3fdde3c015720d933cd7ec917aab735f27099eb4bbcd70427a41fde25c4cd48e8c29e9adb32ab262bacf0242a06b96b4e3731fa58cedd2222de74fead6e66187dec4bbec369a909ef9f21b8f0fb13f7ecc8f9a3bb1bc8366e4a1098088691a36e317d74073b688aa3d1f2179eb9f9019a6ab95a7c21867c4485930a7d57a2fab0543ea11ec98caa434252c6f7ad75d68e9e9c63efba4e8c02303849198bb22d8b0dfb74747a2d273014cbf0e366f00692f0e37e7a1506ce59336f8da513aba932396a6345dc81e79b2fcefbb64788d688ac08bb245b191f5b74f6d2255cc854b1d2456d43791f4a2f951e87a96c2716aa5e386b21f8c47580791d8bb66ef1870a7aa087a6bd33b21804c73f877f779df64c3c2a0e56ffc632c151b33b9733522874342427e90f0a03611f5f4992a8e73dc533b806de519a2d4c127d902490a3e02bfe5341e0650fd10c895d29fb10a1950cb00a15b4bd0d518ac113fe25ade57756d034e0e1fc670af85426ae80fbf8c40897cb2f95e1572b1ec86d339770c976964564a4668c20010f3f5769dc17a1e3a936315891e12f9d61b467e657f8ba6e80c4e2125a7989ad1559e9aa400917466a56291fb658eff4ade3556440f1d2ea7f012a518370b5781d26cdc6e2613e9602430f358cb083b3b6cb12954edfd1c618c48a845d3a3e12ca26ba458a2f62196737232f56f0efda0b13e2687459cf66e4f2e9b68e83bacb4c25b5d5ac2aabb776cd9ed8d8ddfce596d87b20788755d0f5168895b633c5fbae49821a7425a884e7148016faff28300b550265382dd52b69185bd618c067fb304af06164cfe23a169c0fc5b2cfd7a5be8184df56784044c0b17e89b2577829f7f04fbe43d29220418ff3c21ae6e37a4c0c401edaf1481b03c152091289d2adcdab1a4098422a310cdd3121798d8ac9518db100e659f58e57e4c5aafcbd7137dd1e80293ada29106cd4936e3a4869fdbb2d391791b7839a0412c565f78067277ba7e9e6e9e684af2e12d899fbbb020da02dd0e4874b6083347a07613103b9ea7b67eeb1417fdd0f59edc1648b52f63b12d2ced8dcb87d89a0439e0f6eb9f32e3e34c3d7fea893d6f7a99051f844a7b0f33843255e61195ce71a279471b504f6c4937ac1debc96b280edb1e53554d7be23135d308f5581fca96915f38dffc5b26aad0233c5a3c2c66b748c59c3595cd479f6d45327728f49d78ce7f67eaabd756dcfa58db75eb8941beff4f326b0304401045c30f359ff86de20ef3775be621e008873035c7588379fda390e2c4cc6d8fe233e403063f4d950a608e7f503955a5cee5f1b340ebcead28bf03d475af634f78e768768b810b59861f551beb09d7976d54372840828f5beebbaad36ef5b0262e48e7e6b69474152ee8aecb32c9edf2ac7537db51b3d20d9a6c07bad1867d69b0dd1cc5da96f814e208092f99b3cea91ce7eba06d427fcf3bfa670d1fc6a8f978194b3b45f5673941b22388d87e22ea2124d50c2dca9f08b2972260ddf5e6ab25888f822b1f2340fb7dd668ac1377cb49463e0243be41e16010202a433645108c3d2905d6ee2c5ef1c5a6ee8c726e779b04b0a9dd790407d184c0a4c72522e11b96f277176bb46c50f8f75d2744072c26c14f52cce997ec82ab7befbf64ca38cd4d2297aea8753502a5d627e1f6cbedcfa52552f761b1188245a0b76a006036a377fd7ede60eaff2fa94561bf814d37d211723d97a14af10e907cbeb60085ce862134c4869f18c3c8b197214b819996135328ec8801964c560cc46ec9fcaf2081b1f0d30192d6174d24a7c77a082a4e7c244d50d967d8d5d968a4306a5f8677b31f0b3b5dd76b05c2dd0e1786403495bc648ad227c8e35344108dfce72988cf420743b825573abd60966e0eec49e32b1bc172eb4e44e48bbb0b25480c50c085cd1ff0e1023c82450eecd60c7faa5206e691e07e9e26e95b5f83fdd7efd90a7382148de4ebb3a812a7d35d006c300edb42066c9127f2932f2f44c98b248ac8bcd0694f112d8e1e1953e478cbdf189f9b84fba733cc95493ffbf4fcadf530ee9a739746fa464b57eb53e9af2e55f5ed92d2756489d7e4844e6f7e2e9397e34b1bf9598249b9cef54b46cb01f2071c93f944c119f5b9d4d7e2759c74eb40e52273ee922be6574dc721715d2a5fd152348ea587e5c68b96a29fd00fe8f31d2c6fa47fc79080d450f4ca8e36dae680e4033d50df7bbb1a8bc48a67753a45220b21a9665743271c4e24dea7ca68cfc9b8f25c7134d526fef22585b35a69536d18b5091b8595db7fa8e91cc774024025cad4ad9f0566afa06a0047f5dfc9c6d46a64db8ba985810c4601af9ca784fcb48bde92238ec9f46b1a039d527fa0e20637a1908af477f45b0c631a32dd8f8252b03dcf39169749e216121f85f0a4bc07c7bee14681e69391c0a40e025b97b03a083a4fe3d5613d24c6b79235c6eaffd2d6a836c097a5384f740967349ebc84dc6f6c7279ce06d310246a6b053468bb2cd9ef8f541a3beb26c22b06a06885d4d4788cbdd365180a18eadbacff82d1e8d52c14d47a268c58482d44645c3e31a353f9b46cf219310bd4654097b133ffed72f60fb28e20589c61b9b9eb8099e8211317606210ba70c7e354cc743ea388389aa1bb01b91516adce609fafa14c28e8ce1dc8e7c603123cc505ef93edeefe402875dea951f5df8f1986f154ff62d49c023b32fbb9d28dab11c21925f19a2173bf106b6383a523f36eb7b66d30937351e92a07cf8ff9912a5da2dd40a5fbe51242d12a56b576bcb019d8a2897c66ad63a00fa430f9dd1e5303af0bbb903eca096cad187d3ba2f180222c2ef89426e2dac7dd341dca0c18b6738b58da29085e1801d08324b75641d2d3f63876badb5a6aeaee554089b342602c5550093595d3cf9cb84c45175069c8a32de5b91c5d847befb2f954797ccd68d07fde1ae21583b60cdc99420bc3ec137f7d30a9c9a69d946b0713ab55c19b048484c20fc78a41295bd378aed518063f321dea213c1d8a5c4fc73281da697dfb69743ac7b3adfedca67bf1d65f8a524e45c2ae1000f71ea9fb42ba4e4a9b7e6ff07aeeeab3dc4a08efc53cf7ccbaf701065e78f142c74203466b53162a3f159112b334894933824fba9aa8116db7bb55b48ee9f6479c2d946679527b84517e095ac354ea24352964ca0f284d51929cc2433c80f5b9bb9f34d401eac79fbabb4d243631b22af49c13ecdc43ec181c4e986ae0fd4a0c196887825ce0d0d12de67195071fe4ce59730c362e8eaf41c2afa0a68ceba6d9f7078e5464af71be7fe3ff490595b95c1e0b7847da30dd43b384c26d3686f93d884cd2b49808198ac7b4717e6bdf42660ae623e601a6ab729a8167579f6913c712ffe2477be51441882aaa7f4d80b4e722b36c801c29f2fdaf949a8b1a292a4fee3f79e162b52a6c3788a0606ef2953ae219aed8155bb32a1ff729df9702cc8294540a6c539501d39f7399e46a6e23a1c5e4d8c8b0cdbff537c0ffe319fbf17856c188299531ebcb355951bed0cdf07611cb3dfb93e9230409cda78d9ac92fc00bea3f6752064c3e6ca94965c1a4bf3c137968d6eae1a77322b9238e325081cf33d16fe6ab5c4f24d906ee90cb2e35493ac0fa20844e3a93ecfa2d65405c04919a55b10618bd2c3efe217e8e0971cedcbd8a9c8cd2aae2c137cc96100ce59117fd8f220b72c6aa8d51ee5479e8e690981d1ff0339176c3a2236c18793fcfaab3c12ec4eef8fa7ff7c7ac3c94d68c2ac29a3191f3db7ebe2e7c7c0639e774b90bf98f36e29c4eb4ef89ffced885a30105a831864f14e0407dfd5bc4e6bc697f02d4a71818d4f4406917fab794b9d4c11e5c4233fcd5dfff80d58d533bad842635efd647e797202a96388c471fafd34fa78dea1e8fe0ffcf1a3762a4bb4b777e45007732945e67ef288e7fd5314c517101f9a97c851166755174a738afc1fc6bfcd2d93ecc442bc7b129b362cf3119dcac26cbe403db6db505f51624f44bcd1afd151450761607a70c2bab6cda68cced6dd4480023d9b3eddc8e64340e5578dbd9608c235536ee8cbaed5814456124fd610d794068cd36b53c6ebab70d1e13163bd1afb218bc9dd5c7d4eafbf60c3a84abf763833af646d38b3e22e4c81c9f34f8a87f2a2f59ca8c5ab08a949a8bcea9ae30dc7e72486b9fa13b9bda8f32bcae7e4c9d750c326cd99343a3e24bc2cec189776993c299b4b7ce3e03b12f0ea900e98b7a2d4f20549a778966115c4d86a776bb88b0b4ae52e67afdc7bfc2c4b42bd7df49037fc5229d8b858a4a8503af4334554cca14d00aeaf8264b63d0121107f36fa8c083b5ecbe8f6512ef393e8f989d6a0730596f6eedcefdec40a52836453c52c4d243261a6b0254ad18ddf481c0c5face539b2acc5b702d0a37750b2eee3c1a495ff1d8d9923bd302fcda25b63b4bbd14cff0afe74ff4daa52968ae3496a053a81e594a5e16feeec0501311d2b0a2468caffeeab04b40029da5ae3fdc3c8e013211dac07cd4b8ae9fc88c4aef7d571b59fc3880bf8446f74af16f9e6c19ef61a04b0d36a2f20eddd3973ac1c7bbc0a0619f0a794f4b93cf9a5028c2d5db8140acedb90b149793900cc0035959131129f376353a1fce21e508933a64af1c1693bbcc20eeac1fcefd37c5c65fe34aae959e544ee3f51d7f2a92e2489e00d2d45b053a8722a025c29b5f845fd2949fed9a392d73f553f3175cdfec556a8be8e426f028ed37f50ba2bf2864b292b0d9e195f8712c50a2f71d3f06f1ffecec2279e5750485c16aee273f69ef915b7edf05d6f8840b2f9d38d25c00f223d8da75d59f2c405ebbbf8140651fdace1127d7a4645ffebd0d8904d81fcbfac9fd0eab51b7d1d98b7053a1f26aeb8d48475257a9f7e70e84e73748fc5c41bdfffad819164de7bde0a3e78c300c335f9fc1d102ac9af6ee58c6605876c5b8ee78c4839e113fb38237447dcb3d55eeb19cdc7dc61a4bceec075512d45907a527b922c7905a6105632bfcfc4aec8b3337fab7521d76c3774565a260bc8822b0bf9726179e388e4a1cd1d3c42c662cb04b3c7930f811fb00888c92cf9312f0ab6488df263ccb5571c71c6269aec2b7ec522947e05eea96e59fc612f557770b66a6fd9a235ac52b342fda3ebef8a9a4592de6f2d205604d695aa2c3d2dd3872503ae298796d7b4840acf6011bd21bbbfba2c2fa0592fd26f614fd7df0648efecb55b3ed3b5fab5f6d0b3a60bd3e923f71244ceaa0ccf3560c0fe4b818288ec963e7f3c75b404585c47fa737a40b94c920842aee54ee058568c3967b0a43cd7253230abf87d147dbf719a4d8639f5ba490f22f4e39e3ccf801c34a1a2702149d67ede56321bfa5a5fd6b3220b7ec7ee784b23a9eba6139b4a450b583954deb5757c3aafe4ed966db04cd8d31b919f34586afe22a77ed5c59017c75532664230bdc0cad3560ebc121a7184b5e44a7538685564b0c36ac2425dd325c8be62ad16afcf9627307e1ca0cf5651aa9a140035e68063cb43715256b491cc0f4d4e81dbe131df8de55ed6abc091afc354998087b04ecee31eb84ef2fec5a3dfb09cb9819116af628589351de4c9fe9f6726ce89f3752037c07fdadb8c5c196a0c9ea17557141577536197419506af8f3aca4a42772e46403c0352636a8379842ffd593aac605c4035feb7763a7063c105eaf952ac41445ca87ce3308620de4c3ad49c9499b3397c0b7992e7e0d6b7ece815c9967c30ffc87dff15c7587a89f408c2c6e292b9a55af109a15dced25a587e3f8b4fb9e083950a413103a0cd7b59c0a3629f72ed73c4c8e9d7a59e4623230cf50606ef402aa707036a111b88b6e969232e587c504e9e5ef6db5f7998ffee39e9f9e8490db534209d4c59a45ced72586b1aa1ad9db06de4a1d68913e2a7e5dcb883a82a980f3f36ac34d3106d644982d9ed935e78e56a4eead83ed870ba8d333193efba123271ebfb4518689ebfed8815e1dbfeb65898c2e3692f0d7acf79d2450ea1ca0847cb9ff83f3ee9c41f237ff7fc9c69cdd141b522979a9d77ab4b8c5be7f8a2f75a06172648cbe1748061ffca893a85e0879932996577b0f4b1d534fa0203fc2650b3f7fc8e946f945340ed360a643d9726a333a29cb8c08bd54175e1334cdf7446fc258fb2ca6bd72a35085759624e032bf47640623ba4be80afacf8fc256430ea8611168c85c68fe18a2def11d89f6f7b1daca9e2e96badefadeee8a140e9b6aa015e76a7d9c8dc7ade741940af5eb7e2e15fcb325bddf6077be8e2d191a23d3977803e86104f21ae5604e6c9a056f3861cebd99ef77e603bf857db6da6bccc915847579fc245e208a1079cb1aa02f48760c5c3673311696d0108531555dcb74cf6020e57671a4412e1c008033e553219b0f19d561f5ec08360cd2754eff1ef02a7b77236f1034579d04d78cca4a6417151f1e60d2e591b448a83e04b5ae82b81299c3af26fe134a51cb260ec8323abd2f9d405f75240bae479e20df66ec58a079acb6e5df1f666ebe8904daf66695846b9b5bced8fb14e32362a46626c7c8126746fc0361ac1eb4d61ca147f81eb19b246713e3b67169ec0431fe02044407e33340d18c2f53c4aa79c7016cf3429e31032b15db79fad0eadf9379767921bef49b955ba3cf48239e97acdcb799b2cb91a75b4ff4dd580d3d0caec59581aa1982d1a82b0260229b2f078bb71016b8e763f912b37fc03fdf4777aead4467dd2f2208dabe9268c473f97686aa9241e925037bb868aa34ec4931dd80caf57bdcf093e61541a691c6c1058c111f5c5b7dcbcfbcad9b04fc36368166bbefd8ea841455332c621fbcd8a4039df964797fe9ada60df1e56dc3a6b8a0052ffdfa3ae320c19b91f26d15fa251ea413e21723b7ef05bff5b56eb91d04a3029570687ad4ba99eaf80935dc2ab114e2f91b1e5e6522e7d82bc8aa3f4f80d45c0d3c4f2dd75722515474df67bc197bc8783549d571c597747cf0a950526f33fc3e34e971c23fb022ddf75e60ec1022fbc8ba616b1ed7cb2b8ff361950a6bb7751094e0492557dbe3bc55668ad1bc32f7b778ace8e547964a8f4f73078f091c3bed920c8d9245e333f9839ffdff0e8518fdffb13641338c1f54e58690223c5ecac72f60ebd943640c60cd645c9b96f6ce10705f4ae5ea1fb5d59df9286d929d86c50e7f229480b41cfe59196e7d5bdbaf12f94198a9109c6a383c0b2c09582cccf167e860e08abf17124c8f685dad4989d32c2d3af25a62224fcf294ed4e9a27dcd2dc34ee81e65a13f00c7658dc1af064ee814e6207ff10dbaa757f36a09f1131038e107d34b50b14a416ee32acca7a571e76d35f592b9e32c947c4639e2a093a1699d07880f357e7ddc44093001b68299604054e9f961b28bab0193733c221bb0c8bf0c7219d8709a2fb892480c8d218ed7aa93db52d59116c306d6c4dacc4ac83eb45632049b2deed27daceec076e8215d3d75d421b25c55dc15a3eb4b3baf7b0302210b2ef3c9c2b503063ac15c6784f2f0b2905b2cf1812428fa4c4f3dcfd257db4f7b023e6346d963d03fe414086da414ffe2b7e9d6bedb51e949cb199724ed2d351dfab8ee7ed9a31c027c0581de0b76d149a27e4cf90fe45e6f1cd491ceccdc0ccc8ab104c6c226dbb343ffeffbeb7a1e717e8e92309a8c2cef05eb116ab97ced6560f65776139f7cf469386f849ee52ace9698e01caaf371e5cd9109ac8db34be95e889c6f7a84ff06563865572350e3a74edcdd7f77b963504174b0be96a35cbb06629fe0d751fd7d9822173f839fdd4bf68785476719663c0bd885622b2cb0b5cb7743a931c71a72939b582fa15e9142b41c583d46870b0f2f2ef806efd471536a7ac815bf9abb4923b175004b62c900df527a1f9bb042061196e196565ccf7103f627c06b29647ad519cdfe3cab7f5377dc62e6bd40276a8e3fd1a6d5206103e905c2e73054c22436443db63b77e725e07c05a5be525cef68293ac4c1b58f8d5b7d6479ebeb78007de1601ba60db7420a2e5bfcc06bc7e66d1488afb9fdf3a625d3520a50fd831dd251710f6420691762bf216e615a6ccaa6aec5c66f787d4703af71aa50d5d38434049a69c99d0b86722478b5b4cc9c88c090cfde27b689d1f46c3c70762cf42f20f56824bf6aa0eb936464499f7111d05526800ae6cba18029b0a1637c1dbd41b1b5494209218a108a3c65e66820da7793bc4d4e9fdfc3dc75a7a1b51b011c887aec6c79d465df65e17ede6cf0e79c46e88119a090aaa75d942674cd1eca6e74ab6f0c8d143a7860b1b9a67bb6f550c899783585c75d454e572d44adbafc90535e385ea8d2d7aeb13253fbe4bee1a6ad70f7dbc8debff50b40b849b095458d69d0ac834a7d3ed52c0e2bf64856421d2070f86f1f667d24c995f027a6a0841a3f83aff765b4d444434198cb51f34abc5bb839b283f32d04de296c27ce0e3671a78c638b03c25e7d7b7e49744b7b44bc077ef6fb533e73e23e030f2ad1d75e6f2a06e84350279334c7b03c35c9dffed8bc3c0f98d67afdb7e1ed0baa79f0a28de83f635fcd0c7cd3c88da78a5b0d2ec4b9b917d15705aaa19c20e3c04cc801e3244d4cca5013673905e6f0b87b7b18117cd74d16b8263a622c6f64097ffd84654a4dd19c2e861c44acabfe34282e196a6045eba08febf2d194c49d77d567d924ff2ec1f42fbb15ce8e440615a2e35439f542169eb2ac19ca1cb50590283b472eb4fe886a92e1a27f0d7cb48b67e65961c9b77410888a524c81003ce3ce5173d6aeab4654bd5b33f60ddaab6dd25cb3e3e48e4a5c3e563e3fdc90b03c1c7d34f4c898302a056f8d40c2fef598fbfa7951229d54adc2bc0cc92dedc2e15e7d9f5d53433a55d3c0519f485b2b56597688e1453b59d141aea0baa98a534721817a853bb5fbe1c6aafdc86e1aa9a28591b8c0922c83636e11477473da527aa29deffa2b89550d032e203f2a345e5dfdad18befe4aed1fc0cc41fa6acd5d98e248f09322422e592bc1e435778ca8c46481c0f6153c0629df1fb4fcad3f882bff9727b8b448658a42e64dc1af57307b858c2e97aa7022278a3ae65d0ce34a0771e567aa1e6253e1fafb3d6cc4924aa101161c6ee944383f560fc80cde6af129340fce41e816663fe021e79acf549a1bd0274dd2c0799aec51aad3c0884f64d4306e88997cf7caf37d19ba1ea78afbb4c3b615a73228c29a2f75211c00977b0008b5ea9b3d7e4ac36c8678c9ca6191d79614052f540a99632350c454bb92a461013270526f74dcd59cd4ae3319ef0a7fcca260b43ca6f203ab69cde6b5a0bccb993c927d3e4d6b141c987b206ed13594dca7675a2d37106315327d6ccaefc99a865fd5877c281fb9998fb79fe24d30e62ac810d3e6e0a94cb4b7e975eef4f95350eadcf6215ba3a1f3e18dfdf43ea0051df59e4e1a88169b5d820764f9d8639bcd769e14357a2854b5be814f9a628771b8d7e48e757397d28084b0100151875b083c1ed2433bf051711d76e374537e7bf1cc62b21e2fa635bec9b8e0d83722e455b04275e94cbeab430c1cbac4cfa64e2c3393bd2d03e8ddc2a6b95a17858340c70fe30f30dedebe0e341ab01668351f42f264f827b875467edae98392676a5b45744d4d0b7c05ab44682440da04ad785aaf87d98e764ccc61d2a28fb7d60a9875a47fdff74bf7611e229dfe682bf3ab602bb22499b918accac21c8cdcf61ff3ae3fb8966214cd9680b26cddd35e02b036a1df66881dd44ac2b6245e68bb20c700033082223208cd1230559fc37cb61d07911ca69f2f2d46ccb0bd6fa7c0234030763f466e7c541bdffa3040359d547479ab87d89d70c39c455c7ad5054d019d41b26616b671e266c365dbeb75eb4ceea76cb55073f93fb27b48992a44c12c8efad81e740bfa5c10c43e8aad60935ab89e4eaefc4e8917a9ee5e17d8bf05a7819a9684c678052a363d8108a0dda0963233951f2255231405be3dd82011607a29b1da9689a798f5d755211d4239187115fb8ba9ef13d246ff6da8efb926ff26cba743d356b33feeea47ca012d40a31906866709152443bb1c00dde5e10277fa2a7779a485e3cf9fd40c79d598fe2a8390705134303394bd93e99e434ba844ce62911e0330b9972b651451423ea52526a1fdc06d7d95b302ff83806fee4b682ad067f3fe33416cef2e74e65221a6f253b91dd2112cd77ff5cd77a6757c71ac8f137a3143dba615734f652309867d213261e57613515f693c65c6b02235e857ea4a0d9fc84ae66892a74cc336c89e01069215a65a353a9ec0577b0ecae9937c314d42277982cc41ec17632be579aa8137647ac483f4f9358656d7804dd7ad90b771c44d75371a2d3b148815c0b67dcb91d420fa4936565c3e0c3d205fd2973718b0cecd714426438544c4676fc67dd070c8bc41dbd8e85e4803d2178060cea1189c04c21e0aefc496859052679319ba05428644b7ab6e26da528c79808a8c16192bce803c01a597357d82edaa2706af510fdb5e6721be257434b768d644b015e77cf6d6f0bebc9543995ba714be139eca0599e101e6335643f88bc4d015269b0910bb634c015c807f3445a3a6bf761790dfe9ce71d685697111491871d47d6ffcaa7d65e2fb5dddced888cc3d9b7d6bee2a2b774c85ce3664455b56c09256a33a2bfc130f5ec8953a42259e29a5444051a9f50b1e32fb4c7de8c767554dd4bae8c9b67e93fbc2bdcbb952a3167b6fec9bdcf67c7ac8794c2e00c09b7d6f869bd3c1b59546ce021b0e60e2311ffb417af1584439a05421eff275e1391cae26ca4af6111e0b2f7f05e91679f6ba0be58117788d36d3c7acf2e04ab16b7c1160d9170959950e3ff780650eb193337442207db2f3caba30dbe56356667c518df954a7b190b4da32ffb6351c5dba880cd1005df50de96192d999b345757eaa644a90c38eeb8785390e2d6da463dc1beb2aba20480cbe52c05610c8409b34c1b2c37ab045807c9adbb843016c0e0998e36ddf905063088c3565edcac2de778b2ff12b989fa62a911bc687a84a14ab8b3e81a45165c5de779e988d276fe96dfecd5014d241e317db51b06c7a42bcc59c4e0ee6a3f8c294089a3e1a6e9f077e847c0ec2134b684ef44a4889088cbcbb48768ab7f04ba90357f6c97bd7554fafa2dd12bfcb4712fbb7342fd393272c06e0209c455694f5f98b6b28e3caaf7e2cc1e259e8b30a21b46f87b99494fad149db265a69c0dfe555ca744787dafecef75333c406fb1a52df5b11537e8da1c27144c216ffb4e3a50cfe39986d86c0884abdaa8407047e455ee8a9743b6125196b0b97b6c0f4e8a5b1fb733eeb762ec7361ca8d30a257a43882e769f514f5dce79b609290a65691482b075baf0800ca68ed12c38a6c6dc03540929d986e3d6d5b04bfdfb478ae220e36bb3fdd10e94c2e8051f6f2ea561450aaa75041eaca99d72ef7ac7e24309f62734f1d1d91a5eb7e1496cebb63b69cb039d3c360a1c7560b201c229230eb50bf38a5abfa6d09b20495428cdd1f80971aa475cf8d1d2f05bf92e1d462b0edd7dd6a097d7515399ee8757429e0da4e77c7782ebcc8cb6cf429987ff60e74d55d23957bd6bbc0f3df7a0f8337f3a1366a39e869acb4d975f3f18bf6df2675e828e19a54d7181e9b7227e7bd5faf6c4b84a6e66e534af5cbe8de5618e27d1205bc9b700ef723ca0470c7183fcad598299ef4c1873e73b0e8ec69aa6cf9e1282fb6cfe5795bcb5a75cb819d0f0e3220b7dd86a16ec504c309b21dcfaba5059e24949d5bfefc98fcfdffbb7218bb0517fcf005268d90dd2b380b99cf2b6d8368964dd023a9942f6e5118075aa9ae306bab4749e24693e20b7b516306f3605b6b84f405d0a7e35eaca4f6cf29c7b723287560fa233c2bd0a9cf69d896efcbc7b0191ea1a147bbcf18baf6d0226bee9457b696cd40abb11de3ef0e465cfa25b89074ff67c828ace76b0ea4c6a3bbbcdd8004df04bf5c228b3b7e7d3e20c9eac375f7e5deb635d1dccd7715f64f2f7a363d2168584745bba38846e0be31b6bef60077d6d18155a984f83ca32dd9f1180aaa732ef621acb1a342b0f62de8a6cb74f3c4f55c88d8b4eddadcd078ff2bd9ac71077fe265579ad2425cffb0075fe672b4fc091afbcc07d2773f0bbfdbfb93b7936e5d1aa00035416d69b60b3f502e82008cc441782df502304b5a6fd80785a1f1b5e791a6f783ff278b4e9d352dbd9a718fb62cda2ac089643c897b6af4c80ffffffffffaff48b9728b2386de180e9af6fc0e63f93dc886f04861b2096c4c929ab998bef221398008945071ada5464cf4dbf2852e9a5d4509fae7b9699ec3a02ddc9f9087571b6a24e1088fd0348d129c5b0feb434b46780c175b5abe05f3dc6479b928e2b4ca80e7d22c1a0963a6e0f7a456d738c0189cfc59bc142f8f9ddf7e1adcd519ae4ff791189f85092fa411f3c990cb9c13f73b2c74e7c0db6553507c6209e9a1c2415726b1649a70cfb17f80765e0e79e727c43feeadb7d26d658b824be4ba54bc277d07e1170d94bca9bbbc4ea22b106a9f3d56a6ba393bc8a0c98fb4f444b4ed750e65a39be53c2e2f244b2afbde7cf75ccc89f03a3777d5dfeb4b802bd7504fdc8490c14e64dc1298b70f09b6ae77b8a14df417eef909acf1db321e17af04e93d1457ed33e81e98713471e5246013b71629c1c2b3e24dc7f417c000199d2d2c857e3797b64a47fb8de4c198348f7f3ea1f55ba4dea1082e52a889e10168766c33562763b917ac1c795b809da37d2ed4a56e1f29b9b9093c7356465d51ad2bc17eff4255259ac7938cb24e7881da1b57ee97d66cc5a38b32f8582210177fab3f7d971aeabffe7912fa3b1d1d9a958f461edcec6faf93ade67fb37853a6181946d5f056aedba8feb9baf29743c95d6ebf90253936651fa9fe3d0295da25ecefdd496992bad57e997b09517fdef786abf7951a5db8e8089f09baf1f2cf01d3439e62d4315059313b0a9d23ec7be88e4a8e60cc8eaaa8c9d9575545be813ab905443b490b7741a1de60f7f1105c09f6c3c7b587eb7e1d94fcd62d5938706aea12069531a7f6c8ab13f25445170378a6f46e5557707f8b2e808c3f4127db5015d5de2efa1f4731e61654fe219a3462906c4e4783df621a935f54dd9c85d0d1f43e869bdf73a7d0d420063956143b0556f6498b65faf0c9d62970242d0622309e93007f5aa6ed81f974e499cfb2b2b8c6182ffaabd887d48b8619d74dfe416925e2ab5b9732e6bfc18b64956138f49c0bc9df3ed1eece0c1aa036e5d1dc149efed20a88136032de779958f529ffff6b71417568b229dbdc832150199faa78279a7167bb85ff1d126986db0f1fb384127f3487f159bf1e97fc4f416824585a516432cd186e54beb6f2788a27c9c6bd37f2cdac387a95d9f156c26f2a8ecca34aec8485fe2e1db40ed9958f282b70243149ba856a90ba8ac10a1501c2299a08333866407f98114a2af342b2a2de42f485a610a9a9ef42c9e5b850ef42531908bf5fa14eb8cc40c4c0a6bf6776b08dff8c25467b15d41bc39b5714ba2e58e0089cc67cf3a85652529021fffdb502ac3a147c6e0c17f46749dee7aaf5d0ab35bd180de67f878e11a8624de3441c99cd73f5814516e07518f677030296bfe2303a5f9d39f8707e9b36909b4b184b80281775edd41694aa272be088fa3a12ab968991bfd2af53907db3550967015bf9e98f0083a86a6074c8b5dfccf50134942c9a134bca0f7ad6365583b55da82a8d27f41e3b60c277296be9fec1baaf277043a2e963402c0f17e4067af74d6bc186974e997b2b6954f1eac0b7307c64b648dda3b3523e00c2d1d42b0071495b3dfaa2438890519abf6fcb8fc38c01e07fe839d1b3a538159f5e81e20c67f049e258f236a2243ab246a7a7745af03be157b00fcc8d56ba1981fda192c79cd8535511940b0fea686513b93ff256125a229b5e9d4016baaea2a99ba83cf4dc15397e90cc7cacc6cb80b3f7064c6b3065bef6bbae54f1dc7829e5537264e2692e1ef5d936cc3b5f92a38737d500353c36c7ba1a9fda858606a49851e0189a4e252fe96ac62912d8ab6b456023d892f94fec2aafcb48860117255781b515db3b525666b1782a601cc93daabd86310889627256ad45b7b5982fabd5f25ef10e2881627c5e1ac4595971a5de383671323aba76ee27280730e038510b3cb085dd3b8784f1068f5f0f03e6998f30a874945aefbb1341372aaed15a45563b70d1d0c116e428b49e3491f050cad6e8900d27ef02f20093d4e32ca8ed3aa2be91bf0434fed43b884504cf7e09096109bf719062f7575281d78ea36412d56899dd370f8f4514d5554c3b3e2bc3b45513db94e514eac5f6ee6f227ea665395d22806f26dc8569883c38570f15915a62f5150f7bee1b10726f680c7be5e08e74e825dbdc129644f5aa45695759d8e7e1447a8decbfe51c1c05a98a93dabd3995e179edc7a33756ed6e8b86ad4397901eb434a10c9a71998152a890f3d462637899930cb10beead797e082a276e19228cd3ecda7d2e9c7206c76cae5e93f7bc9dd4f298e0e5807f2af0d8da4d4585cd77b21b75b962761b7e1771d00de1e9742e47c0832a214d27f614e04cd223ad1215ad068c0d711fd08f649c81cdceaa2aa48472215fe24e938f085db015e954cc634512061ee6c2a8cc38741668348d620fdea695ee068ccd6980ef6f3de5849acb6f74af73a35f43cf43cfc49421b76f41588e56c7e5324700fcc1df064a7773a5779f365923d97c3625325c886ec8fbaad22b10a5fcfdbc485b070a5731882556b9278c5d52a37c5c0bf42673818cb69a79bf0d7c787f339f89def1820e24c84c9f50d8c09a74d732c54a05d2c57314c674c20f96a8d9eea9b1df9ea0e634358379fc3a04a2298b7ba7724753cd041e68c201b96e7ac8369d720baf646ee7f9c657696e884e46f614311fed10edf724290cafeea16898d976d199b20269a644c28bfcc1e98f6621d5e9b2964f4869e06d7e4f9b25c086896d3cd6627650d8c5233f302a2411eb59358ba8edbc0d24089e398d7bf3e0540e7d1026975930bad986e8d06e2ede9be124f8ee98d1e6acaa1c4c8bc7248fd777a9474aedce8f36356cc7d738e40b27f0805228346b1322dcd45751145d8789de20af055a3506654b4eafcfeb4cf1cb877a696048d2c59e8bf02320a86cb984958a7409f787d0282a0907f0c03f32abb99d45b6691e91c36c5f027290e2a0ecaa95c2555d8f2af4495dc95b1ca7cdac427083ff913e7a9520134ba2330770580b30b04820736111f7e368e0e26d3b5324f64ae36481f6ddfb073640ad1e6fadd925bdc24948c22abce6190eaf8e1ce09a47c27c441b46e425f4e0c0f74950f927059c5c2898736e43ffb98ef54cdc8826d07cc12f1cf2f6177c0b412f87b8673b481126efe6a48034b25eb45c5263144dae0da1023aaed7823f3ef6cf98e60293744cc8a9dcc8e8f5a5cc22c6aca06af3be548c33bf84ca4ee324f39e7e52c37b803f27b45b726597f0bcb889f7a2086848d55c3da3ccab6790f7fd41a13314a69011d89dae0a4d3dfd377eecfdf619128b9c70183b8e2bf88c2a8568d21ba3416f8a1e1bea6d9087060df8c773edc8cd385ab8fccaf51a3690eeb8c6a2927687648f10d6db2e9de9242957584bf9f1e3b267362ea94d154533d5004b79b50fb8164dcefea99da8a5c74bb43ae0f91cb81b74b93e27b3df672546d1f464db49a98f93d61fa459d3564b6fd6e1145509592ef82eaf644d7104342a11f03ed9dc318172276d3c841dee0d7973bb6056c0270f720b3cb535ddb6edfd3c032ff28827266c1604e7198fd1883abb97b2fd3fb8406ced5c219706deb4a743cac4af1d26f8baa569605430512da6b1a5cfec21af2c2be4bedafdaaf90baf98cc8cfe88c7c4305209e100fbe7cbad2fda46d89e7c8dbbd160019dedda80254f2705a4b0c4d6b464f6f8bdc007d10ceb45e35036bccceab6e82b0b26bd05427eb8c1c1929e7d3058f03922e7b6fc44b93a75f107134b43cae6e8416bb5b931c91a5d2b318a24a506fb5b27565ed0b3f0cea52a6fed500db452bc9872734c5a1ba57b50f7bc613fe0249b3c1c4800100acdedc417b628528eed795314ae0a6138822bf4e79eaf1a4775134dbe4cc21361bee2bdf55487f9ad46f8b0eedc1a2623ae4867b099b94d7454eb76a29cfd426addffb6b8f657dd5734ada975c553366155fc124e438c1d80fa50a6cea58219f7b64c9b14e4e036abd65ac3a46e939409f7bb660563d7b0fa5534bc4164b404fb772f4986d2b211eee1289f7413231eb9151393ce1d1adc0a8cd57c8715269ae8256365b5641f2aa4cf21cfbd9a324234caac0bf4f6ee7cbdf36a812ac0de79eb236c8a22bd097f1d77797a48532d89ad3c5f5983d3573c0cd7005fe9e040da47aa8f72af3ace4baca8d3eb96e9c37005d4a8a83ef49a2d9d4516612bc8b93e6e51d62eacace0ac20f5b9e72da1117b2b0fa93517d087b45201051ab71b55d2bff3d01a1a55bca0f7e9bd41e125cdee0224ef7ca5b339a767fc9b4921019e0c3140bfaf501d008cb92fbfa8425a9b959f7f4e5278d5abb0ecf16628b01df2ac458bd94a20b3e0f33730d02129105afbcef2d811298e4d956261b2f593cdf66159ff928ff152c59fe9fd028d54bbf07c00162c83c89e3e7899e5e27b978fcba58ebab02190d8587f30756235150e5ffaeff92b75ac536a14d645110d316286d98ab4df51c0e5f619074f8d3d7936f2ad812bac9773df69c68ee9503846b1f71be191f8a7aaf11d43f6b51478c20b0cf5e62aae0fa57582739a19d38ec06128d7f1b7d4b19481888d3d6ee661b11000700db5b3bab14c05fc429a2586e71493a29a953aa176a2689910f1be9b942963e68e5b9b1080029da598ee0f0e85818e75d892ed57b56965bf4fbc4a8e6cf61444cd5d993acbee85241055063ceb52d94fe01ac89c71b091546e1a59673b830470af4c0362d18d10757985f0ddeac433ba903687e5404b103c6bf5dd3bf04e9b7bdda3a166f88ab9b04c39a5a8d38e4ab1c16c82ccdb5fe83ad192ed8e8e44e676c7042558a121e8821dcfdedb054853916f792e793baf38d0526ded88294be80da5a0351c281738bbba1be5350f9269d3d6dac0f88796a59778867694a78d0574dea3634a1db4624e85c0d4f3fac53db0f59d4057f79c21293c2d3340aaadfef63d47da8275c4f4a8bab9c6487999b5a93ed780e610d23b3e0b7725474e1829edc8e87f586dc3d1da8b8e7d01bc0a4a54cfdeff245a8ae1de840696cf532c02264f9c7d899a470edb50233dfdd4dab8957cbf27e7eac51d10c286794089cbf704a57b4de05fb0bdc2760294c8aec68a3b2653306e5e097df2665919442c2a42c510a4bc5dc9fbe0545ff60a8a3f3665f03fc14436a1ee9a15ae83890c839f7b6ffb744b4dea6927c855208fcf478cd99f02b8969af7a522514501393e600bf2767a9d89e00e9fae5a12f8b3edc6fa9b5934211468f53c4cc0975caeddd98cf008245aca7cbf5dded3c207dd6f72e1b8084ed2594b130194831ebbc6e9f84cbf2e4fd87e42a3e7aee943afbc37128fb4a558e3efe69747f282a4f16fbf0b512620f68127bb250c93a31edf1f745fdb42959c8d902455d9ce9bcaaad80d0d61b568e687c07a5079969f757e52d56059c0cf4ee6b5a7ca73fe8426b9afc1a6fa9d2b82c242b27c4b2eb81e1b39f7ff9447590a2919ba74f3e95b21769a075a41c4b6c6e281b258ebe21a61a6dc4058f2455ff17018f1ec9058facb1d3eb23e8c768368b9c55fd700f3e034c8b04e8bec022be3ddbde30c672f97fdeda1a9ba4f3c561523d6a22ec4fd4ea9b89a5c4baf1b2c5e26132b7f129d0a22d41072e5cf8ad4045391047efd3c3f1f42a3a6e97ba0624756d1c7f268cd9c7d350d9d0a47dc08a0d905c2d96669302e8beab9952b6bd652c0b62c2036d6ae3f8fe0b7600f2c4e6d2b9835507124ec4d9d9da9a8b2a57976a41ffb3baf690e5f28c4df2f3b2cf35df7ed0237257e9a358c9536e3579840a766a635d6b3d56bdaee4ebca24f8228f1a7b9c65ad1d56fced295bfb60bc261bd2806239f569f4e93c6a47c410232ebb2ca52b235db54d91b6df1ff7a944838b901633801d2e50a82d8499340bbb036ce274144c0360a8bf6e3363d3367a8353e3f25d5ac65902ad2fda9c521cfc3e6f4c359c0e75d6680ce621bfd573511d100a8a98b00199c2779016944ef15adb69cd7e2421b9b1ecbb10f71702818c6a3b95e8e75463d20a6076646f78de44f49036f44e1c66e814c0d13d7d2beae2f0e8ec860dff52946bbf5d2bb9d1765a8621406aa59c0bb64d51cd7fcee02af5e103aab1cef3f8e0e706bc6bf6d6ae5a54032061b088af192618e8d5f70ea1ae3f23b8f1239d04e7ed027b3f97818edb7ac643d93b7e2c316a6def905cee4d10210b56355eb6322f21931bf4814bb40341a90aa8b66079c61a791751a464be10a06cb9874481be1677cd840832a868c67afb152da42c1fcbd2e6e3f0ac1ce0be3eddcb50cfca8f8ddcb8d67d25daf06cee035b82e907e00c418d9315829962be798089d8173ef948aa50bb82d46878ca4e7c3bbd7760e8b829e7f2901d0853cc395d797be3c08128b9ecd97d0bf6a69a0127d506fc9640ad0770a1a39f738373e9da4b2b6ce49866efec041beeebf4019d6df378ca529a7fa17acf97795beed554a45ef8348352d79e9f7775114629210a616e74f32e7df75bc76ccaf1b8c014b2e2131bfb3cd865ebfe229a80a30fea9b1cd996d7a8c199e0287cbbfbd4293496190ca0f0fa5f6ec2d717bc669d875da6dac9878b0952a3bad26df1ece3f737a3ad9c4c2cf41d2b9169b73928c9aa8a724d13e3e1d0e41cdfac6579caeed394051762ca774280994276890cf16e33c053b5893a4779b40f7cfc54f58ee9a118bde4713bdde037b0935a8626d17016b2dcca00c800baffb0a5802afc97a081327ec9098aa869cd84b63ea8ddefa9ca5e9e0cffbde08fd065c32c94cc5e665a9c9676363065707904f8d195054ac056f95be518a592fd32aebd1caf28fce5ad1b179364c89701b49cc184e7ccf3e2da378b41211ab12ebc2d1853a35d56006ad78251861d9fc507482c12fd8c5b5b34d1268664055526424105b1b9f52f1e6e15b465697822c9a3dac2e8f2d89b9e28c88d25efe08ac99c7207a315573e8276f673d543e59ab3cb88d3cfae6a87f641512ccbdf6387fe780b960218ca63cab82640b52531541d2960a745f685db1a8b8fc70c0c15a1911d2b5a99b063b5365be21400eff5ba01462851cb8f0158b2eb387af14b220a71ba70caf7af9e333755144fe5a5132e058501a25c884c1962ecb8122abcc71e3c87765b42742b6d0875d1b3f57c82a5f9fa3c69c0a7e4f21978568d6ccf2cb4f4e621ad9692945293c74177ca637d16d3ebcb126fedf4be04ee8627513dd75f1ad02ceadb0705daf4d700786189f2d740085f289ab184004609e23fea5c6ba12644e5e702e3a5e02591c3838ddbe7963e92170f1c0e42e7463eea821cf016234af88c2a12a83f34dcea2c1c20fc84b8c4b243be8480b5ccc0f14ac7abc8651ce274c0536e1ab20d9fa03e5f5b0f9b168332be77289950e9942c88bd32cb982ac0228defab69f5dbc7893248e35ac0ecca6e4c60d4f4e68c27385440865fcffb40d2c2626123e675018989128e48a9520425194c389457b3c57571e95a1a5cc4c2a8776357aba828cb66fd9865b1ed0a8f695529f119d2e42ff664ef76d76a5be7ab5c09f5dec13be0df23190e15155ef48a7215a54e496f3d58a247565dfca9ac4de3e17588d9a3018acca990bbdecbf5789dbd0d3449e6436b4170551b9ae16103c8988044bc6b894a4bdf8711dd42be165c97136bb4244261ff5507778af9e4ae843906d6a0bad6345e5ee9bdf2c0272432a56d3da3fd21e5d7d5fbefe8609f9221c785ce8aa188825cfd4043381b2253f17666e580bfecab91f426d17f0488da4cb69b310b26b9ebd103c00b58f2bffe5f4442465393eba0e90dddd4137aef6b79ca713b65dd3ae7846f860b6255a43a4c7e7a56b19ff955f7f4f5d632c11feb44b89e821710c9987c51e0947f1fe599298ade54943516cac3aba0fe6fcd890438c5351f8ead2af6ce9a0a6b73c3fe3df0f1253961ea739b3d7ed2c17cfa37b6e4bed84f146c649b02a9813e1e280a4284ae24a9b9ee1afd059c6b6db9b2727b7a39d8e69a5b0c4237a5c686a1916c6dfba83eac29377dfdb2378e15943ab17c0b5f7b025055ac9b509dedb3144202fc26844091fd62e586421eca4387bae569cacafad14f040c623669a00c069768c005b7ab23ad6d012925fabe72e26b316da3e7272920ee24a80bff9f05527ba3d52d74f99bc9789663409090142a3a631a06c74d02210f03f0d015875204a882172182a9ee463bbb3590a38ead28fe87862654ae052a240adde601bf75ae10c644543635a11b3b23bbfa546e43b735bb5cffe31ab73efe34e70c135885f8d6fcfdbe41f47f580bbb0e2fda55f4e703d6c1f51872392906b0196b2e5f1e1793c1a7475053a284c1ff589daf64b689e1184863c6f9d527e80797647b8038d6a6f16b1492b1edfa5b297c9a335d6a86cb1d37a1bb390843fe492e35b6cf644b36ee3789dc39a01fc0bf2cd1e4b2e686399dd72e5d63812c6bd36ab465089d9c3dbba8f3c55caff0ebc116be98acd1db606abf853315392e18cb807ae14f0fd66d77b692b202edcd584abc281d33aa2426344753d5b2e12462c392409438c922075d7bc979862c6ce090ba312c8a7aba4dd92110460b7965493f63bdeaa159b6e31693db326b5fd1c609719c20f5a4cab1f5f924e9171059fa1f4ca3d5b86ff1f2710eef008df38b5f720d6797a8de927ae759e490137af428ee084cc73ad2e90dfca0bba488182c4845bf1525dc2c512db784d1c8dd8d232add3ce29ed83b880f0b96576d99e55d29605acfc3393ccec7ec0f8a7745ea7838595cc030b57656affeac12cfd1126ecdd247062377ad205d0028463798de57816d834eaaf375b398b1a7d2b487d6c5647d1899f7e534aee9aed65aec55647cab964cca0666e12331160ac9ff74cc0524898f9c53ce87ad67c95a07f03a8ac60d542a542c811710f0165b4676568c667b4268d13607f331772a688a8123aad107e6bde74cacc6834b2968945cda8f18efcbfb2a66ce0ab6b43de022cafa08111f18415b7698d01cbbcfcd8e00c967fbf66f288007984d5fc561736981c0d0b0e5fa0507b9897d99af9bc8238025b6651268eda1c8658bbbfc4a263141e3ee54df937428dd1f8280fbb74825a51b9223f2ced162ff17f1f272a53c49d1116dd5998367a08446f76ad35320f03529ca7ab4f08f323c01047f8297b00f40b350c8e6b8acaf04bf75d2b0ecc1f0510d402f34f95d26dab97a6331cc7c34613baaa165491c455c18111efae91e0a63924accec268fb8966805ac3908393855cc6ab145d464fe7fbb647aefabfb6b1d990a8a2a670c4f72f47ae8ddad9440d8651e926f0ff3295139e800e44dc5b6a73a2df4a3917f05106169950b676efe1112485c218ec0e76b01c89b459df3cdf8d578aaca53df61e322d116020a8ff8812ca2059a9ff693743e835a8302c629ae57997fed73d93f6f991b2a172b9873521df09ee158d24d0191f097ae7e5ab87ee6cbd3bee786035c9f8c98cca59d0d6d4af25301ad14bcccc0cff71e5cd00876ec91eb910183f6ff18d87a50e3f50ada776c7e7e1cf189dd01770687f69e98eac23291558c025ce6d92bd51ddefda952addfa1d30af8e48ed9e6c4c8dc2fbe92a22751c7409b12aa414edb3b6371b7e268015c709ef80c5dcb8ee616bd32567ef662e1e1fa9a4f6bd2878194c070fbd04c42c3b012bd8edb4e98737872fd8d534d7a0d6e4cd9da87b9e13b88a68a933bd15af89dfc0f7ffd8da1583054a36705f9d84be3a5a8a39c5cb74251b626c3b4d9f2bc6836d3ff5a330203c567ece203859d6dd31e3fbc03a266296eb90027e84f91b54db75c3e72f21edde360e80654cf796ef27f5a495fe9f095a4047879383dad5202ae8ae92f4f427e9526358c9f262a16233bb69363624d6ace1a7e76abc121eb6b8fef9e0859db51880aa6c7781bdb01a1ff3abdca6158929ff178dff1a96a7700a622ff2515aecb0bbd7ece20eaf7029534e33c2c337d399490a5b3af59de8131d3cd7c856cebe0bb9bcf4f4cca0a82183d3f030acc5c3961a0f9f478a4fcf5e30917141f6f48f7f5aaecede067deb7bdd3d900f03184417c77db2495bf77c931ce620c502e9a7373fc8438b645bbf231087aecfb791a753770545ced43a1e333cbcf98b6b843656fb6be65f8b70cff80ae56b8675d128816d044ff98c8932d8766d1be78d831ca23b3b038ef17a19d58560f5e4521ea7ce04b265779ea3feb368ceac12a8911e00c27c517d6ef4d2a9690e910718debaf7d5a31ccc82ca97a0fbca35189e0bdeea898cb39e8363466d4dc876540ffa1cc5642f4abc29b398aa99ae138efdb9ce5dc60abe35a7d79c2cfdf6004f0e3dd3139706d853b85dbe085b63e53e0be09e87e7883fcf9c713d9f84bd410cd0c0943d3cbeaa9bfbb0efa5d889b5f9860b33ffc2fe6b70eff17438464adf06ab962422e5d2bdc2ad11ced9908f69265ebef33c24c78f32f8728c98ece90a7ce1392d68e284526f99159c3bb13144be46560c168df382d50b668cae583f1d5dcd87648929d08d6ba4dae543035814ca7b9bd1e67315668a95e7dd65685e1524a4c88690bb38174f1949787e181d36567935a730b20645798cda8ee633f8074cd58e5eea77109dc42d4678e3becf1722a3bac3ad241272347cafd7561c855f7353ebfbf085264de12c620cd4aa3982507e69970466bcb53d83a3c5350becee0da26f62d195d3397ac02cf0b122e6a7743f64fad0c02a5436aee667a9d4d37f78c81b0590efa694a1211c7e8a87f60b38ef8d53dd895490ff133890d47b2b469b56a76fd94822d8102f651c634a84d1c0b5afb13d251ada4d9d3a7193cc4d290ccbf3a4ce099ce56cff3a4da3609dc07bf0484e35d954ac88ae86a831cfa6a1e9f63c7d414de70592dfb8e98a956b45670bddc5817f683f320096ba3be0eafc0f8245a3672cdbec8c86595db7549ada615070f130f3623b70ac0db55b5c5dba87aa97c3079f68e6a43729ac73087218d6f9ccd8ee56d57043fd5a0b34c0909d3f24b642f49f869231499f4e2aa81e59fc95db27da82c29e6a1b14cd5993a336f5f7748b38ce240d5c8d673556c1423868db4d9436997ac6cc52fae56acc59ec6debace59f6b34c84cd1336ae801cddd6ebddbcc41fbc2928a5d161112a6fad996db8d9881046bb4cc563dd821a4e705fd8226bb374643b86f69f278fc9baae2da97971dc01f3766222d7e3f0301025f23e129635e662d23c397ada50533ce71f4c0340cebfce72d986682f3887923cf02c908f5d26deecddd81c2864c8fb44004442ead55fba4a7e742cf8524704e7909092aa2d24f512f19c5f062d42a65fb8c9bb0ae1634e8359a6d7080f737d413ca47ef9bec76f50774f74a23ad7055f9c16df6a90c5a42a5dfbc047943b840f2d534d76df7b1a85de5bb64d1619b3ab1635473fdc2f21b132d8fe8ae96c6cbe05b168aff45557adb03b2bd0be01273b63e139b7c27151a47a1dd613f769c2e19812b25e4ff699fc65de5ccbc1c3c00e15b4432ea1d52e3cfeeaf1017d3774f6117eebcce975b84a3bee1b585a911ec39d36fca7202fb1fe7b40bfcbb98011a5371d6e6aeea6749ce76bcaeb4b85d9cdf1498cc45c3fd862a7e78b01187b98d042d5eb21594f571fa55b90946d08ea1d0ebf4835b6f8b8f1ea62a397b4905745f6cd67798b210118b89ec4f5f47017041968dc75938660971939773276ab6beb6a7c8905d9243f1c3b3ab62570ebe762a03d1f46bf8a2e58b2eb8496ee3fa2600391c38e3f95de7b1573decaf6ae8b46c34b92215b7514c22e18ce3f3130dd21bbd06979d296a684afe9333584bf81bb35880a7b9ded67f863c7cedaf23ba562ebc16c51d9b647ccec68bef68cf43855c5957839acecab0cd277e261621c519b9c8541c084505ff17f28ac14702214cac5942abb6e91f52b5d911dbe1638e9b67a6ccd8d53483b000449fe96c0a4b6bdc639808a2e5e5e8e50c70e728a8b3591f7486b62821c5ba43cf1fd0a5910ee5a480ddfe01bc95822655566146da3c567384bc939fd7c90175043ff8e1818f23dcb7b4a6d39f9ffe0f0a9f4d8a5376a814590eb7ea123ec9fb4c6e930d33eaba8c08eb282442f8987e42e98991e2eb7c6aa630952d061887695bf8b4ae9fc59e86158e399812457107ddc1b5a6b6c9e4980efde57874d75a8d1b083a2f61a788ad3187a41fc89050a946b4dd55f2f368135869e3af8662b01240f87bcc680b6f826af75bed81a480e55b29bde314e341d413500d95cff8348b19d7fe1b9ff0d2262005eb6c0473d0d534cd0498793e01c70729206bb3f9de47cbb66c2ebe0cafc58eb2866c38c5928e85170dbd2d2c7eff85a241fa69aaaa2756bcb69f00dd2684ae1d857a8479d1df19825d462f8b71001c2a8521da0c638c4818af9258c077750bc86b6c0969d7c751db90badbdb842d49477b0dc37aee51194c5dafa37b0cc9a04a1f6860bced58e1e7fe38c7722b35f8bb97f7ccda9d8fcf692a276b996ad526775f10a1d799ad85617bf7da02658129b214b53bc7e55e01692fc622c1084e631b7543474d979b734ff97d7ab704144392eeac37968e713e504c9012171d6f1cc684fdae8e9ee68a3939b2c22cfdfd42ba0b83d4aa820ce66a4ee4480bde48945285024df6a6b631c40ffdc1e808e5aedb1808a3eac1e0fa7e43cb13cd0ef5e863a1e81d2caaef1a0dee18e6ed596d9267e03dc5f182b85333e4bc815f8c3c600d8d257c8d95713927a979fee1083f78c854e569b017b5574d18fd7552777e2b42814a353250d65570d043bf249cd46197f1eab620c5fe34b62eff3cb2eb71c52355d40be7faa0fe9f310340f27917bed5ec115b8210f15f4144ac0c028eaa2af980d143ba0ca4bbd46f7fe610c93c09e29e9abe3faa5795b64eb809c1b7d0a0e1a5dbce329ff12b5c30b02909e258befe4df90afdbfc0067f7334b148e76ae82f489327cd3e9f892ecda87035f42a224d860c6cafd51d8233af2d4bc9555f8c6a9ff4da780b3f5ebeac102cd305c96b6ce66a1727278ebe08f7e4be7364abb34c751bf8896cd71b98dbc444c2e63da8a1900d83967f4fb16c2cb9bcb48da00b76a88472e58c55d76ad29d252f9b0273722a8018d8467b57db717575ebc9d9ce430cd0911fe5a59d1b4ded2d4179010956f612402f793eb4d52ed8286623c5126ff462cc6ae562f1335cbc03cd3bf30ab8efb8f16b8171a2bec3be73a9bdf94bd9a009b629009cfa80f2df161d106c3f664ee4569f677618227ad53b5c7bcfd184fdb1eedbaacf421df770ef68f2a972d425788673fb208ef7de6286ae08cf82a944af2c3017b2f159c96ca363e4233945516a3719600b77139bddff9cc0b7c2eecbebd1777ebeb9152f6218a0ed1c806f92ae08a9885dda2a9f78ad036e842a54af013e6fe4ea3b154c4b8f210d41e4c85d5462b325e41f0b11f18080532ec3d87fd20f516d26097e05cf5fa3c3d5e8590415fedf6e6c92ab615c5177f62a26a451c2c0b831b51dd63486d86c9f4ad6caa7c2b3fd9689d67d61dc3314619b19a78f8b01fc2508c873c3f55dca2ca34d7432e2ae9acd482be0ca25390de523cc16916448cc0fbe8b6d72c2122d9020b0dfbbe13c8c49649e0f2baba5f9c24c6cc5e954f9e983cf31b553b8b488fd2f69b572f3f1043d2eb754ce9530cacbaf7fc339b888a0e620989663c03c0ce6509bc781165199baf21b0c5a881f4abc1e3450ec76739427e2f6640ac9e8e88c0d5d163c2cedeca7e18c2266b6801660f639a5ff7033aade0fe8279f730e122b11045e3d2ee1b145fa8eb310fcd25bb3f408c5ddfbb1a59cb57ea14e8c2f38b196a9b7ef5177871b25b9a0d737698b55dc286dd128d6e81831037cb472a78360656f1316bf70bf8a8642a3105f880709574f3df663424b023ba4f2a55c8583f67740fd83e91c6a4a96d332562e562447bf7a1b07abaef026a33b8f6f01fec42c5fbfa25f7d9db4e53101c6ac6a31a0f035707e3b5bfbd651e9572269ad18789db4859ea947519bbd7b5f7d6e7f635790f2045daef9e29fe5891f7bd6946fc769dfa4290c07d2b1d6dbcd3611df45e4a1d5638817faa208e202323b50f86366ee3b0ffbe91df275a87c9dfeaacc9d53ad64a9e1116cb74f15ed5c0168d52d0617e4fd66af88b4847b30e1d913633141f3b9d8507d8560498166d99f75f4085c840cc0b01cc1e394d83ab4a10a06194b056edf93502db79856a8dce7943267cae2cbdda63cb07a3eac8b984afb7adf764a31af2d8696a19463c2f37924e371c79d64924b4fb533eda6465f9156d15870cd9aaf8e5d9050c33fa95d39dd22671339056a1438af5a559e769ed3a117c5a793174dc9dcdc40ffbf2148bb3ba65a6fea36bd439740998a76da0d3763d5fe96198fd7200cf1db63f17721a0ac4dbb0fa29577351b3788fb64877323576bcb25c7e887ce1dfa0a68f4c3d48fc9c0663060e224f42c08c6ed15866e8a6f6f63084182cf8f9930710a29381b2e0a3e4f9626b66b4eec0ca9d863468f44f47ddd9fa4e29f0ddd817bf8e281cc182bfb1205c0edae7ff48fbca04dc43a43c464af11f1790d23a13c9dbb5b58c86445be0483ce78ab151530bfcce89ed538ca64eb2235d6380e7604d30140f3fca1de03e714a14ee985d237e850cc1fa52c6e664c1eee278df87ab7581aae84fe7ee00b5d135dea63179b3ea14ad30b960fd1c6e60fcb7f7e85b3394c5ec123fcdc93b27b09b089c9ca53ab7a57a4c2dff4bffc15ca8e1608e4075065f022f1950e56e2f14510c2987d0bfb78c210a87439863faf6968d40e757207b8ae6b81309b63888385ba22519fd76fea92045715b50fcec701414c86f6a992159fce2fd153f608c4f48b64828347000979c2ceaa9fb5b3572ceb4b07a95c3f9bdc46fa43800bad54440006e345d1309fe65296617a43ca6d6d5658104ced47cd52d4e77c81bf0497cd6378dbb25cf04841286800d0b44e7baa9a78cba1ba9cd3d01504f53f19528cf74f6469dc357ec1df77f301179ada281fc7d889e4b87befa2bae6dcdc22e4ef8ee33df982848f2a92d2973cec886687f33cd9e8c1472919108db7c1fbc6792ea1d5cb8e94a5fa26542b28696ab4944abe3895ae8807732bc9a3698ed8f7db62da2b0221219df7f0a3f1c3b11b0d106fc5fddf57ebeaf215f74bcad18a577daa6bbaa50f7a7a97a4ea1d484171a84b15aa753ad5dc7096f28f328ffeec2e7bfb5d6f3ad2a54012264ef53eed16e0cc6f0b0add055b9319d645e59cee0a7da6180bf7743875d7383cedf227e16d1712495d324f7fa64b3d8d053f70f6f59868bd19d9f7f21ce17780ac25b0ab2a9592f532eb11e2d2750b0286db6ea2315616bb39235961a27c281d720e677bca4b1cb98b0d00a0c2e8e729fe6d9818eae6fae3ab6d8cdc77d05871cf04bd684e1a449b0abc8c29ae49e4fd8c49b4293661537d8e42b275938780b7d5e293a868bd015c323f386058b52aa11f6e3a67d578c65523b7a8e37e9b1419581186e54c86ecea400ebf3d6fc0d60e11d1bf3b96231564796cfdd114c331abe4a889a5089c8b4b1127c35942e26e84136a8b62b67c3e9163b1926ad791dc2eba22f608321964c7cf839b4864092aec82b7b55f121a3d555e378046afd0a927e398f8cbc2649798b620470ca25bada30813599b53988e93465c6a13e6509bea6459ff917f1d6e4c16d498c950e0041f220a4c64d1a08a6655a1e8788f98264e09c2aedccebd14364c7d8707ec0aff550c3f65217d1ddc7118d0592259545dae91052ece7ceb36789fcb0a6693070af8007695089694bdc60fc08e85affe10177ae4d6d7ea957a5d0db7c5f6313d712222fb357dd00927e954fa123c4ec99002713d7cc80dd39226d542d2dc078df16eb08e2ca3829f4a9d8ef16ba375af60ecc9cd610357d19ad27856587cd711d6191d6b48bc4ab69e211ea95dccf138b0ef4cc5615124783e6ec1837036dc01447fbaf7d71b52631062743215bd3bfa6307f7cd2eed62c4a95052b3776297841412b38dcf18b6b93819022236ff99615ef7fbdadd5c22abde97e82a941bf9c02079528d683ca7d8b8dfb6bcdcc8e1da2a64082c180d50e9a881fa06936613d8998f37ef302a40da94a20cd0c2ca3ba080bc6c683966c61941d369ad0921ac6eacc7125e6762639c1b25afce8c5f497e13bc138283d9951a9f308cbd403c5f219c6665b91e8260a65fe2b133b3bc2c34028f63e08df26e186b4927590284aefce2ff55b96b11a7d7aa97813b5849afd6c369d74c6d75843ce8dba0aa714ee4fe67b83f58097dc37ea8720cc20f35d983ebd7c6e7b170adfbe731dc2553b09a00fbe62d3411a32c2a62fa096e356f98f7baf48f260b334e8bfd7f994258ee2bc3f9f66f659748852ee3a4f7505dbd29b6ab9b776628171349359a20053dacdad2fad90aefc1c8e183e91f81477fe842f4819896a085eeaebced7039a3692b17aa8c8af2e6e5ecb49aa441da198d3e2a03340e9181cd41ec076f5b0a6d4c5032789f16a5eace594c3edfca7d9c5891fa94d552c44196ff1231b26802782dd94e4e03cb2496b23b451f597268670928569c694aefa66b6b8c3140aa5ea7c973824e6c8e58d9767a43d7b0500f674a40332243f0e4872c80dba78e50dcd903e1cb6df5c2a3c8e5253579663b1c2c07dd0aa40eafd13298694a7cee551db4a875eb720606aa82160ab1dc93190b18d599ffb0dcc13c9ec3f299bf8b0287bc3716cbe8aa180ef74cc44dc501bff692422623a5c55d253ae8c0996e98f8c6155868ddd95ee7c6b575ffe41ce58349eb099f98fc5c9738373c766469d00cba18ac00a001a374c3b34628029a2aac1d1dfa39322d48d52d504b1bcfba937c33427e46525f872f1d31825a1e01557fe2d3a32dde5cf37047a42176e78121fed30de6c14911ccd5c45854687eb177d64dfd0f13c10e95802edf562d1fd1dc4b82efffca3fc25f825dada129fa2ffa10dca8e2b9915c6c3e119da8bbd68fb0b6725a83b2815be5769af537782dbef9a67acb0cf6fa9bc3d9c76397382b26cbbd00822ec022dbac3ad8f6e63f9f51586b2952d5ca3c98f579eb0c57a4944381f72b2c567875ff2831740b84b036ea81f5a870f67e3681a20106abb82e34585c69fba9e4c41f4a589ae400f70d16b0d50791ed9ea04699d81879f005376cfb5078d32bf874054ac5172b2100b8153946d3bec86b7472e7ecd7faa81160d2016365ba88ebc869b0a4c1506b0817fa301e99b64ad44df85fee21e13b57217d22ccceb44d4d39d9461abd8417f3301c85060eb337e2e69d184562cdc5b02b95c9e9379629ba61be47167d861e0e01c4e7c371efc864fe1d796e2d0d62b7dccd7abbb90c520d19bbfb0a33bf16ed20e7fbcd2e7806bf6178fa9ad3bf718c194840d298af83ee83baed7cadb9aef07b4a0c8df2df7b2be09552bafec07fd2c767d544107249f34ec0b063ea903b2597e28105ac16c00d9033236643fe412d4b5d1552025e9e108544aed66a85890f62e1c6b1b1ed174555d9cf8427b30e0d6b2cf038155475cb70e8473874681cb6f9dc5bc6f585bb8a6b1b6340e8fec01d77aa8559b1092ac83adbfbba58d098db96d70dfb6a66c38b4195f20d30522a9053e7098144dea7614bd68fc301cc98fe70e4832748599d6f973c4bf8137738b920cecb884ec03eddbd99354e6fec34ef66c69526f1274ada933871929abac51ae5d53236c5c5b4f873344efd05feceba99f070a0f4a6c35be3e4ff8229d509180e4e38b6c77907575d185bc2ae450767c8c112815b8aed7a77c2df04bf9548394682be98b8a39c31068774f75b4707248bf349b8e47707b6b64633acdc797c299dc8ca171ecafc77be00b445bf3142e15206e97d9fa4965d75feea554066458a5713af421f4b5af357e2f6e9fcab3a3f65ac31f5dbb8bed8289dbac00dfffe2bc5576b089f1c5d413e5c77a8b9cf32b5a001224b83993d3dc90fdc00eb41e1ded781be9cda9245ad5216acbf2f4159a326fdef14a97cec711bea80a823a74aa4d4062622df1edfe53affeba2bbeb87ea219520144d8b0d77ad88898ea56044cd093eeaa670d111f02a3c17ce46c440e2581c2afd76d0edddf95e54e49c83c51c57d5e2145c1f8406ab410aa1409ea19097cd83343aea3beaf18165fcf32966d06bd6d9081f1e5ed0548e8d355bf73438a887b63e9a4764bf696a9e4cba8097905fc9d599803866fbb8f7fa17d8fc942fbaa31594288d4f5bd26f13978a1144650c3e34511372256323735f8097b8b2940fb55ba5905df60f7e684b74304d4046cec48aa584023013e73915f09e0c34aa1403f1ad76440db2dc805de4495cc7394e19aa6a3836a6ff00f5c33a7cb9a3272a83d12a7abfbf9695b545338b80bc4d198ffd9afa881828f1dc8b2b5056baaa2d00fea2488460f7307092ab1cc752e6b376cfaa2c7d3903c3fbf5a0e24604e4f78843d3d05421d494f83c7700f7e19d8ad452f065615a4fc8ee137e00ab31b238e5d223be19ffabcd55c2f3fef13bab83e3ac985f2338a03b5d3613c1fa373450a0658faba6da437238b9622b15de5b288d3684eec8889892f6a88f058d832c3c78c5fba2cc94b3cdf31e222a9b779b540298184bbe775acff1f9c9b59903425afe3178fdd183b9417e2cdbd806fe76ff53a7e20730250018566d14f27d94029b6555d0d51880a2b27b508e359956605f3eba86b24102f2da59c6fa9e79bac90f2fc92d2ce43d8368315727d5d1f7476e8d28bc9a396281830eaaf0ef08f5c3aee357bb97b0836fe451c2edb5f696fc780d6107aa06f7efa5fb520ea0e9ff59af176d617caa974b3dfdda5879e8d60841d55fa0d0ef4eeac8b0f4ecf5e22b25d173a33448a42e3ab9315c0b75349bf93c54e18d78e071814e76692d5f968c68cd6b037ad7598790636d885795862b4b29a5e0c4df8a4f96296d0845ecbbd14519e7a748c838d41e846bc658def0e3bd855c5b009de4efa1e976fb13cf2634df06c22b22ebc26ef3ac469551ea21a13ccc9910df2556e10d814c5149e8a0170f2be11e54a73cd9549397c299b8cb3f62c11f9bc81ae2c09ac5a629a9cf1f0c70052b37d7975cb1e616564c522802cf647958b13c69510f7be17f02f109958c1b3151bde27b9a24e31a274b45fdfe47a1da3dc08c22c97df537fd6994806ea3d8fbc514b0cc44bafcd89714f827ac8deecc0e4be94b59ec2728e638bbde4b3530ae87b9d1c4f67a957bd50e65f60fd951ec12213d847978b843491a2cc71378f44408d66147c9cb116637faa8db2259275b3ad944453f58f70ae03cbbc55567444e67d5404f75e4352ebad5e62a869ba2cf6f4f13dbb063b3e75a77cbbc5f3cfaafa30420198001e060540d04c4e53e82e68749b1de94adb93374ed2f339c3b0adbc420ddb51ee09119a52af8ba534e878782b8a85cf7a91cc1d16a922cb184c54ca93024cb7e00107b494ffa70e3db44cf48a74c131360435a7d7f3513970f1c87f2af595402bc63aee14e943ab151beba227466e6de88a7046a17cf1743c689b2bd9d75c04a74ed0f37a8ecee33d9931a848ea7d7d1359f699c629efaaaed4345c914d8e52c264f74918905c56a03128501a8b1a0b351dc37a79c8a323e3993ad805dfa0b1f9553568adb66f8e961b6df5599c64c6dfad7230ab8e285d281e07de3d8022b995795c9c668880f453f06828b74f080148d7e666da5af53ed6f811c8fbf46d973e6e853e8e39627ea85ab6c6b21c4ceebf825b2138a51777f406dde490b8a37e6da963f8677259dd2737b8df519fbd3afa304c82706f169c39bde37fe1ae517d83fe1161788c0ea43457cca95401682d3f900fc12769bffe0a393ef6a06dc1d88311655acc2bc5b6b9898dca56b43b17644f45215e572a6ed6e5a0ea698c2ed7e9d4e2623b4183e9884d3d94bb4961c524df86acc157bb23ead33b5bcc540b29288fd73b961eb250a01f7a602135d5108b9e09c8fce7b455ff3c9927c510c89c0240ba3a6ccb33a1b0e03ce77e023921d1b2fa86dcf81d26b5aa29bdb987b1c85343d591c35d1e0aa443305d7d10e82da538c9efb526c3ce61b720b1621d330ec05bf07ddef2c7a1ffdb3f3c447de9746831ccbcf1421a3c9425e3b2270bedafefdae836f28c23d0162bce3bbd85fe769575ba5f84d6359a5a1d9927d72eb4acc8aa21a402b5824e2f9815219168c563a507cb0b1c3fa2526f8d2be952108385b7dc0050ee1ebeb870661166f0a36fdc6eedc10eabc7b9ff8a74ed0b9dbebd5159e37fa7ea308cfaab6b9a7be50744f06fe181f6f29f31efcf43c45354c49027a92ebe3796baf2406170d2fd071ef731e8e6befb082f7979ffb91616708ce65693839fa587fc16a1a1e86a09418c8531bd1a2fe20025f4bd18e66fbb4389d271faaa0b9ae2f7e71a57d9e5fdeb3956fe95f29b4ac5c54c4409ab5d8e507e3cc71a3152f2e2c82dd33414ca2ff6d7fef5d55202d6a518185e4e74c60a77d7ed36c1f1d88e99c61575b58a601cd9fef538b0ec565d29569f6c2039d2dc3f45f001fd8f88d0271f5aa54d376ac7bf27a074a6d688fcc06cdccb3a7b30e58c1636f5b037c11763e25647cbb70e8974e911c085f1e71bdb212863145eb219671822c4bfafa126b02c7e41d47cd31326b202329f88fd48cbc1b25d40c08ac02a9eca31843ff76f434bf7d14210e6583f0008253c410b32841c866adb8a0740f1d587490c1d8ba4cfa8f408b97bf4eb4768783345471f3969dcfd7b12a6524d1c0b5e27cfa87e74252200b5eb68f7308d71298a214c98f607d0965cf7bf40131de2ef1cfaaafff99f7163ec104e399f80000165f85b7356bb4bbbc361423a20b63485eb14bebb975cbf88d362dd26dae9a880d3f67accf0097850ca3f495346ba29a3a14ea6025f550592888d71b137f0049fc62a4fd4462fcc7ae4894cb8752dd92371fecb021a6c5d6d06772ee686e5c656a95d92bdec3996b128c98a53b1fbfc9b4b7398ab2b32955f08761828ec23ae7c9fd276f0c6d6308a297bce8c81a88f6f1405adec337c6b1835804ff384b969daff83ce4c91f43bca8b4a861619e11031f163e7f632c5ae4fa7fcfbf4cdfb8f61b02babda4684872949499ed7dcbbdd699fdfb044ddcc2cfd9feccd9847232912d079d17f5c9e5ab121f248191baf9fd5a4f8b91b9ab8da1351015ba229806e524f614473f5f2e29cf22ecbb75b72e6f609c2d6f2a3d271b5bcc0c7c4e483e72da051bb03ff0b2a761cc3fd6b030cb93f11dcc91dc764417108e22fdd630999f08a2878a06da205a806fc24244ebb0a0bdc64c825ffabd9e2e6ba7cab9bb4b643186abed369ee50d6d28b49bf105ad62619d088b4b25968b4c4c5c3796a591415f3d4ecc8811f680014466893baec8c517045c1439d579ff80acbfc33f83408391c06a0a26b109a9e077acd92142c4b6f3faa37f127b470cfab6e79245e2d782d294dc77b0cc91ad192ea1d4db1e4690a49ef9064d9fe62bcc968ca0b28c766a9c4770a38a04a3c1d1e54281c54050e84b9d657f4e2ff47a33b2918b1216da08787e0514040b61bc76467a51ff56ba8e2e84c3142cb557e8888525a90f1ca041e7dfbc994a793701a0eed438091d1ec0e5f447214e2e488be9d47b37fdb2c39c19ffe903ce34896781c219d8dcde0da16e35eab79c653566f5a182f0f238e9cb602f99a6360fb5a841a9af76e2b0cb8a92ea5bfff30bb6b5dddd5f66e27d4726fe73311fe03b64c5fc1d91fec9ea340106026bdb67d11d4672fa1381b83eb915da914b48696b34646b41df66984a2791317f3de06edfdc5123a195f0a21b0504889aa1432569ff1c8d0d6a48cca97542f1a8557ebe934673702662f4e6cabeed9c375a265986e2f8a9319ff5237fa954109e67222e4a888f8c8d5554168f0fe838c43ea1c22fb6e80c604c0031bbcaca86c5507f29141ab2fb38de58e60073fd2b00a5c7abb561aa69377fa0ff660070c5cb4e287b97d32eadc29804795161e13f36793f10bdbd9648c3bd4845cb01da886428535c09ae237eb130113599c36ca73f9c2a75225c6f1ecf526b6083e95cf99312768dfea3342ba6407a5fd096f4a11148c8beaf4b29a41711b06588d5986949f10e412faba7564c54b1c4cda3736529913595068a68081c2a737c3bcba5883676b1de45c571399f1613d09d31e43b2d15bbd5e59b7072e92df78671c7bc996c7a6b7f3441092332227ecdc4e611d0e1f2b9ce7aaf3f7ce4062523c5837775fe27409cd7ee030b15fd5fe73ec5c6fcf6adb23e035476a9a50b259728d4412b4a8fb422b77c30904456d38d4fb8eed6890268e40e37f2eae0b490540ec00b7f81226c7747112cb034bfaede8b5f3187e744bf8c6bb3e08280f57b01bf09164f5d8a3aad5c2180180e164abd3be7ca2d660f49ea39d4bfbd7992460e18b60f72783f0c45ee1e403bef2565e9c1dbb4931087e54437cbe81086bc7e4445fd33797ba80cc465cfa3b71011c8e6813cb07f00b4e95f39813f9792629fd283186a8b92ca24aa67af5021da24a21faefd46a970c8702a6f61ac3bcea3fd7c58786ad8db78a9b82b140bad0c704c14f20dd6c0c417ac13a14c5aa6fe26c7009a4989f9f9e4f3ea2e9e63319045f74ecc19ebc7dbbb44a30e3dcd3132f87b819535203103418017167c547eb32e33d23971be0930a735b8c4daff4056b8b10fee5008d2be36f168c0da65c54c05d93830ddf75df7d2b5b45e2650f598a9ef1fd8aa4f17d0eb7c57ed810b5af2d92030e25857293d9c80cb63ffbc84e7310975ca536f04d33e7ead853acc396cf5624adda3d47007789c6d3ce2140b4ccaf17f2eb6526cdd731209bddb94d384197df0a399336128f0fd93a2ff4d1dec466eea9f8f908f84af44ebc1403dbcd51e63cef696022e26b5d659a6b044aee0bf43fe8e3d767d05ac7ea776f7e1c8fca7988cbaa506ac3cba7554000d4d710a8c005b9bc2228b36f335e885b0e4adde86b9bcfcf0b5d5559e7293d6e1f98a5f13f1c3018f525b1d14447c2052423e23cb6e2c0dae1de4d53aab6162c4035ec1fad65648493ddd5eb2cc3484c05839d0d05acc1830a15b53f48d9106ce3192d8bba7b8a37836f7f6a0502b93fac3dd931d274e1f01a73e77ce69ddf77cbca1d43c5171f1f7b6038f8a21b9d4e2658ba5b101c9c59c70492f83c9a100be572973baebcb057ae07999e1552f773b99b953ce3d9cef136fbfd0f034522c17eae5e179d5ebc26af6c039eff0d9900e8a517d08758bacd3379835566490ee20c2e4f3321df6510df1f0b99ae935b57c15a8801c27381e9ff8e6dc77c242432ed3f367a8f3b6dafe4ba2af50fdfd6e2ae770271d6c0682fbf33a127d6d32ce59b744b5f2f2b888275713dd8eceee5539409969bf56d77f36700bb7b783e2e7a9e86c509934f7b80d2e5bcaa6173d7f2a14489567f9d5c67f098b5c6d03bdb5763933371938d967d662173c5e7e8328eabd3f464441147614654e477e38faba7a8395fb993c563ebc26e19dbbad6f038afeabe7bdd936151ba87d46ce8bbec498da69d4308392c471d513c8edd4ddea24023d27cc175e5b5cc9b994b8543a856ed4e196016212f7f091213c57939b5a59f571ba8fdf0e8ad68e3332b4f60b79d50b36c5f2bfa9457d13d2c164b28ba48b88eaf5e6425079af9af03c910816963fff216a44fb92cbd56e715a3ac954d12f00c2308bdd108dec8e4329af7c736c053906e958dbb59357cd800bf4411126bdd009a6e12dafd33dd482d9bc5c27353ce991eb23cbf1660e173ff2a773c77c7b75cf4dad2a0a74c77caaf3900a1d5a78850e6e157d295f1ee2d3d92721ec7382344913b58af84f981254136e20e15653452a5572a443c8723f10a8d7e4a936dcf4f2b4b44fd30788550c2a67af816d83858dfe689100da9d22d4545da7406372346368eba6171da41dcd316a20820fb23826977d7ea496c3961dcb5c40733ec5ae874ed271d84e0ba113c04e0f81b6ed0ffacd10b2a20521ec972989fced0c9e562ea56774b83a8440e5f643a9c4412f83fae61d2f7581f1b920f9166f51e66f889b5d9956b546a1e8359535b0afa5806201259e8ee0c6eb5fcdaf676262faf929ce45f11c9d0796162e64f2297c8dc07e6432e278350de4e81dc53fc68b57ee34a23cd291c90e2462b718877dffbc547308e61d0e7be25274136ad1ffeb1daf1f55b6d0ed13ed510a2683148f972286ed693d7d2d3a855e6243c22e1cad1f11293ad56fdd382baa814f9ae1fa227a98ad79d5fbe8311befc6522a2607e395dfcb05296f09054d5a4f8c719d8d55f580cb6558740f1a80aeabf304c9a50944023b86993f6f8055d68c59db59dcc316ecd13d632ac4d85f2adb39bf208b6076ae9f481df269ed7e0deadf96e3ce52d1ae0bd1d7bf01b91bed09e104f1c5f2742e00d76400f693aa9b0479606782bb872f8b46a8525719ba5c054371a5356347e6ba07c18a604c2a12b833ce6d966452eec4981ea2b914f6281483a38c79533ed81d237add86424202b5194cd145e52c1ba38c6e48927c8d733b8457830ffc8c98920f842279a9348afad081a42478ed96107ee7cbac13b78f0617ca81bbae597b14189dac02f61b3da656b33f8f275d31b3b3502fec4fe2bc80570dd72d17e30da217f4d9640e012ade2a07af73c4ee726ce299f52ee350610688fe3db410b867faf3f050cf67e25ac1e343e7882a5ba27ec27d58b47b6f2dc57f3ed1e14551a4bd522fcf175bcaf9102b49cdabcd565a2a24ce46a7000ca40b907fe2505215ebb64c8defd90111f2a486613c68397ef6450443b366ac7b829047197211a1114b607ed65ca07de6335fade4686e2bab1870387da3fef9b07735d3130b59163e217619efd9a415d8c0a077584b4e0c0095e62cb033b5be2409f889eaef4d953f3bca4b8309c2325e905d2fbed0ce71b92f07b6a4a3d6df1ba02ba84678d7364acc41547c9a6323b96ae7d77d592f2f48c7b8ef9b7e31c1f55017fd8ac8c1e3d9ab6dca73ae586b66d673202c80fb1e66be40aa7063e8d2650eaaac4bee0b6fbe1bc998cfa5450931b48d0718c64e883b256c75afabe0e7f3f524ba06b9a1911a9890a72cca8c7b2d7a0155af7ee20819f04f4b8c4acbc06f0cb821a1cdcee0da1b0a36e43279182112cb669ba65dbf9106b750eb481e1b0b2a93378391799993b7ce590863bf9929b887d3393287e013bb590d7086f51564b926d94eb0a89a380a4453ad041b061320c6acde35aca8be5e48bb9d160d7e099dcdc7e125d1cbe71524eda7d942fc7cf887c8025c83f888f3d5febab1bdb476098859f57c3163b058689d16cc311ec94173a21ac8a54fa5efcb5e4537c5c9188d48152dce9d0a90b2a2809c6086af74f940031cbf2cac17e67c520ff62fddd5fe9ba60bde0e9b299df70aee30eac72d76f409d43da4f6c21d6cb3d0282e74ae9ee4975b2159a5cd880397c26682c03496d1e7dbc8e876646b89f89948fd38b589921ebbbad3130c5751f78c4d0c041e0c12a5079b314b88ef2a341d2cdac2118ae34aceeb6397b96bfcd8d104a31c62a6381bf00bd8572c4bcfad21dbe152a792f411ec93f62da44def75a9f963128c3c73fc5cd35b574486263cb101e97c6a4074cb86a861e0d914ac7bd37884bf498f9298d5199ee37ddf827c43a4d2cf5bdf34a96a5c489e97bf865b53ce1880459e0a4e9c879726e7bc65775e9cb62190db69913ddc7afeeef7d586e59a90bbe0ce9241769c5fdd6d6e330b632bb5d4c36895e8881b38de21383673a6bb35016bb0c0e94830b64df9ef36787b17cd889fdb52ef4f3e3289603692f7fbd4bcbfabdb2f47c12ae064a939b87bf1fd0f0b4c923edf075dd4036ea92a2b2b2deeb4f93170b0d62ee7181362c4c40b53a66170f9eba6092cdd6ec3d16222ee900379c8598c5392feabc40e51191f54e20f37bdd62b9433126e3e85df67d4fd7b1f8377cdd2de5c4e3e5e1087301ccdf3925416a9f21122837e5fc1de1bc9e9d044dc8695696205fe63af38a153a6de7505f67c0185156e1c123c45c2b4f3baf183ce0b8a8a83f2acebb3d1b4dad9378dd731bf66b32a9a527ef40766d7a901012117686453d5dbe86a32c19e98d9787d09b1a47c1fb94907c51a11cda9bf17700f13090288bb890f80eacb51d11e706ad3f8e12c5262dfc0d2e27ef732d327d069b8a4f642407d2c3965dbb0d3380df112351990baf6f84daab37467b66981349374ef31d2a64a185a9615948f4ed44d418bbbb39fccd4035290edba53f94c5765017f00ef4f07cce37188274a371681243a9b13bf68825c7314d1454f96cf53313a343b98ee8a283769d8111084c20e6003d8e0e97a7e51c1a0c13a279f8596ef5faf925fb08b25d3b51c687d4660470b7c2966b2ffa8b548237d8f365a549d277769f8acc410d6fe964f5f22ade6982a87e663500e3cc97d79ac9a18eac19129a6f58a8bf71e000f3833dd888a8d42ec40f62ca62f744b70a9cfee711f7dea65741e742a961e6adffdebfdb969e0570e6cb9e129a154010c82f5d0f13b14c18179525a400b7d200992067cb1d110405e5bb2f52b5bf8170aaf5667b95388da88c0b3688235db97e374ff019a49031197fdacf45d524c8b673bdb5b92622275221a7764d003e92f0e6f6fd47cf639412e6d51c1522380de997eb3af3a84677163311afcd6b73b94ed68042acd8b9240f44062d044ede8bb09060474e25b6efcb68a592f955aefeedc57fb73c5eed2c9147febac99c43471ae2ceb5bc7ff3a8a52ebe7cbc756066b79dfd2e48a473e357cfbeb801eca5bde418336a9c552786732d1180e98a651cc35f558, NULL, NULL, NULL, NULL, NULL);
INSERT INTO `utilisateur` (`id_utilisateur`, `nom`, `prenom`, `email`, `Mot_de_passe`, `date_inscription`, `photo_profil`, `nom_utilisateur`, `poids`, `sexe`, `taille`, `age`) VALUES
(4, 'Turing', 'Alan', 'alan.turing@example.com', 'password789', '2025-03-05', 0x00000020667479706176696600000000617669666d6966316d6961664d41314200000d476d657461000000000000002868646c720000000000000000706963740000000000000000000000006c696261766966000000000e7069746d0000000000010000001e696c6f63000000004400000100010000000100000d6f00002c6c0000002869696e660000000000010000001a696e6665020000000001000061763031436f6c6f720000000cbf6970727000000c9f6970636f000000146973706500000000000001f4000002ee000000107069786900000000030808080000000c6176314381040c0000000c54636f6c7270726f6600000c484c696e6f021000006d6e74725247422058595a2007ce00020009000600310000616373704d5346540000000049454320735247420000000000000000000000000000f6d6000100000000d32d4850202000000000000000000000000000000000000000000000000000000000000000000000000000000000000000000000001163707274000001500000003364657363000001840000006c77747074000001f000000014626b707400000204000000147258595a00000218000000146758595a0000022c000000146258595a0000024000000014646d6e640000025400000070646d6464000002c400000088767565640000034c0000008676696577000003d4000000246c756d69000003f8000000146d6561730000040c0000002474656368000004300000000c725452430000043c0000080c675452430000043c0000080c625452430000043c0000080c7465787400000000436f70797269676874202863292031393938204865776c6574742d5061636b61726420436f6d70616e790000646573630000000000000012735247422049454336313936362d322e31000000000000000000000012735247422049454336313936362d322e31000000000000000000000000000000000000000000000000000000000000000000000000000000000000000000000000000058595a20000000000000f35100010000000116cc58595a200000000000000000000000000000000058595a200000000000006fa2000038f50000039058595a2000000000000062990000b785000018da58595a2000000000000024a000000f840000b6cf64657363000000000000001649454320687474703a2f2f7777772e6965632e636800000000000000000000001649454320687474703a2f2f7777772e6965632e63680000000000000000000000000000000000000000000000000000000000000000000000000000000000000000000064657363000000000000002e4945432036313936362d322e312044656661756c742052474220636f6c6f7572207370616365202d207352474200000000000000000000002e4945432036313936362d322e312044656661756c742052474220636f6c6f7572207370616365202d20735247420000000000000000000000000000000000000000000064657363000000000000002c5265666572656e63652056696577696e6720436f6e646974696f6e20696e2049454336313936362d322e3100000000000000000000002c5265666572656e63652056696577696e6720436f6e646974696f6e20696e2049454336313936362d322e31000000000000000000000000000000000000000000000000000076696577000000000013a4fe00145f2e0010cf140003edcc0004130b00035c9e0000000158595a2000000000004c09560050000000571fe76d6561730000000000000001000000000000000000000000000000000000028f0000000273696720000000004352542063757276000000000000040000000005000a000f00140019001e00230028002d00320037003b00400045004a004f00540059005e00630068006d00720077007c00810086008b00900095009a009f00a400a900ae00b200b700bc00c100c600cb00d000d500db00e000e500eb00f000f600fb01010107010d01130119011f0125012b01320138013e0145014c0152015901600167016e0175017c0183018b0192019a01a101a901b101b901c101c901d101d901e101e901f201fa0203020c0214021d0226022f02380241024b0254025d02670271027a0284028e029802a202ac02b602c102cb02d502e002eb02f50300030b03160321032d03380343034f035a03660372037e038a039603a203ae03ba03c703d303e003ec03f9040604130420042d043b0448045504630471047e048c049a04a804b604c404d304e104f004fe050d051c052b053a05490558056705770586059605a605b505c505d505e505f6060606160627063706480659066a067b068c069d06af06c006d106e306f507070719072b073d074f076107740786079907ac07bf07d207e507f8080b081f08320846085a086e0882089608aa08be08d208e708fb09100925093a094f09640979098f09a409ba09cf09e509fb0a110a270a3d0a540a6a0a810a980aae0ac50adc0af30b0b0b220b390b510b690b800b980bb00bc80be10bf90c120c2a0c430c5c0c750c8e0ca70cc00cd90cf30d0d0d260d400d5a0d740d8e0da90dc30dde0df80e130e2e0e490e640e7f0e9b0eb60ed20eee0f090f250f410f5e0f7a0f960fb30fcf0fec1009102610431061107e109b10b910d710f511131131114f116d118c11aa11c911e81207122612451264128412a312c312e31303132313431363138313a413c513e5140614271449146a148b14ad14ce14f01512153415561578159b15bd15e0160316261649166c168f16b216d616fa171d17411765178917ae17d217f7181b18401865188a18af18d518fa19201945196b199119b719dd1a041a2a1a511a771a9e1ac51aec1b141b3b1b631b8a1bb21bda1c021c2a1c521c7b1ca31ccc1cf51d1e1d471d701d991dc31dec1e161e401e6a1e941ebe1ee91f131f3e1f691f941fbf1fea20152041206c209820c420f0211c2148217521a121ce21fb22272255228222af22dd230a23382366239423c223f0241f244d247c24ab24da250925382568259725c725f726272657268726b726e827182749277a27ab27dc280d283f287128a228d429062938296b299d29d02a022a352a682a9b2acf2b022b362b692b9d2bd12c052c392c6e2ca22cd72d0c2d412d762dab2de12e162e4c2e822eb72eee2f242f5a2f912fc72ffe3035306c30a430db3112314a318231ba31f2322a3263329b32d4330d3346337f33b833f1342b3465349e34d83513354d358735c235fd3637367236ae36e937243760379c37d738143850388c38c839053942397f39bc39f93a363a743ab23aef3b2d3b6b3baa3be83c273c653ca43ce33d223d613da13de03e203e603ea03ee03f213f613fa23fe24023406440a640e74129416a41ac41ee4230427242b542f7433a437d43c044034447448a44ce45124555459a45de4622466746ab46f04735477b47c04805484b489148d7491d496349a949f04a374a7d4ac44b0c4b534b9a4be24c2a4c724cba4d024d4a4d934ddc4e254e6e4eb74f004f494f934fdd5027507150bb51065150519b51e65231527c52c75313535f53aa53f65442548f54db5528557555c2560f565c56a956f75744579257e0582f587d58cb591a596959b85a075a565aa65af55b455b955be55c355c865cd65d275d785dc95e1a5e6c5ebd5f0f5f615fb36005605760aa60fc614f61a261f56249629c62f06343639763eb6440649464e9653d659265e7663d669266e8673d679367e9683f689668ec6943699a69f16a486a9f6af76b4f6ba76bff6c576caf6d086d606db96e126e6b6ec46f1e6f786fd1702b708670e0713a719571f0724b72a67301735d73b87414747074cc7528758575e1763e769b76f8775677b37811786e78cc792a798979e77a467aa57b047b637bc27c217c817ce17d417da17e017e627ec27f237f847fe5804780a8810a816b81cd8230829282f4835783ba841d848084e3854785ab860e867286d7873b879f8804886988ce8933899989fe8a648aca8b308b968bfc8c638cca8d318d988dff8e668ece8f368f9e9006906e90d6913f91a89211927a92e3934d93b69420948a94f4955f95c99634969f970a977597e0984c98b89924999099fc9a689ad59b429baf9c1c9c899cf79d649dd29e409eae9f1d9f8b9ffaa069a0d8a147a1b6a226a296a306a376a3e6a456a4c7a538a5a9a61aa68ba6fda76ea7e0a852a8c4a937a9a9aa1caa8fab02ab75abe9ac5cacd0ad44adb8ae2daea1af16af8bb000b075b0eab160b1d6b24bb2c2b338b3aeb425b49cb513b58ab601b679b6f0b768b7e0b859b8d1b94ab9c2ba3bbab5bb2ebba7bc21bc9bbd15bd8fbe0abe84beffbf7abff5c070c0ecc167c1e3c25fc2dbc358c3d4c451c4cec54bc5c8c646c6c3c741c7bfc83dc8bcc93ac9b9ca38cab7cb36cbb6cc35ccb5cd35cdb5ce36ceb6cf37cfb8d039d0bad13cd1bed23fd2c1d344d3c6d449d4cbd54ed5d1d655d6d8d75cd7e0d864d8e8d96cd9f1da76dafbdb80dc05dc8add10dd96de1cdea2df29dfafe036e0bde144e1cce253e2dbe363e3ebe473e4fce584e60de696e71fe7a9e832e8bce946e9d0ea5beae5eb70ebfbec86ed11ed9cee28eeb4ef40efccf058f0e5f172f1fff28cf319f3a7f434f4c2f550f5def66df6fbf78af819f8a8f938f9c7fa57fae7fb77fc07fc98fd29fdbafe4bfedcff6dffff00000013636f6c726e636c780001000d0006800000001869706d610000000000000001000105010283040500002c746d64617412000a0a19227e776f0404341a1032db5811400104104140f9ac2812ea09d4c2e7320bb4f99dcb8d38dd9c50230d2094ace23edd0d38b4869c8a4fc0e199c27f8bc6d5bf7cbb5eb8afa4394a929e05d750625ebd49f91b285947eb87fd0f7c45355a2a5f0259a83265fd05374326b30238b829fc4b2cd63e02622648e6a8035836642836198dc2e427f2a2f66fcdf47359ce0c33cb93f992a19c7147817cafe635a8b3ce02f8674b7fcb5ba77abf9b4a995a80a367a89955092dd401317a24e982fa9ecd7702dee7b332e1c9bf079e03d90bf2701b071b2567c087d58c4754d3808d3be4c8ba1718cd91dca8833f514cec6848b2fd284cda64644a515d9da3596171da03890506066c9a080544327338c1f24c24af60d746e5db7e0d401c5ce54bf681a33d2830766ed29beb661aea8ccb8827c12ec56f740a36e1e5557ba7a7e2b1d533d68dec49531c6d3c0a873d63d613481b26c11f9c93fce99706a09d62c8dc903e007ccc06b37d7d5e9bbf5bd25d0a1b1c84a76f0c872958c85334e9d07fdafb404e1c524397a241d88130ef67f2d0d39fcbcc27ab046610b7fffa78ce608edf4142947857d78b61fa31b86f6c5bd5e509190d2b9a15735dfe352392397edb6926926636d55fc5d88266440f57e48a2583c9af9585a367a1da9906bfaa481a9e6cf4e2deccd3d9c2cea15a89f8063fac607cdf88a3181597f24c57e59e1f38cce19b4c49d87c293714ea9cb1dc833d6a124a738f4a62865d7ca31af29e5ec116628f0cb73b68bb53b83b8529f185be7f6902dcf330552c891dabb5bbb06d8c6a8e51e6930024d5b81b3c65311d6d5773d05a00f22623be46316ad949717ab6a7f0d7fabaffa3e59dbe341257009d6d45bd31e00e157f030ba3b1546388956f7631710affa2da1dfacdf47fba8aff027f5133a14d7031a32e4bc7334db63581e11ce3160132985a18aae09fd3899d1b450adfb58445e32f389265d29656305c57b3c2ec8d90f59d9955f83a6b8fd252f1ac4a7f67bc6da72000bfa5eae01cd58a8f7f9282c4f7fd7af8d871e0287c5d6f9083d5d4390a8a6d6631d9bb3993275cb49b4526f057c89708968aff565ede35a9ed76e87089df473dbd5305bc5c79987d0a238779ff46db4b4ce207f83eafc02e3bb08fcad0ff7772f095968105deb4045e958b76a57b0306fc07ebe4478f47b583f57bad352353b284b675b54d2221e9a7917bbdb54c33a3ceb7ded20fc571d64a17fc95b79c77714904904dce0a37ff20ccdebf436542e14cac8be3e64f7c79657ef8a7b7f7d5e9bd5c6bb98945bd2ea931467f5d057ca4858eacbc93275acc97b89f585f887090edba3afa69e8d560cff83378244239adc8b4dfa42ab8f7a9e6981df31f387b729bc5a592c9fa14018203962d1a85d14dc9f94a00c671716d9c85692e9d81b226ee87e2340c11a1a395efe12fe4b953751e849f597e7f6ce67cc83c442d46a7a6749dbb4b4442f40c1f9721fa8603088c91672b2919e91b25228b1c6f465354abde603c6611f5d8d41622dcee2b53e3513e165a8dc672cb29d8bfed9acb988baae86e4b84866d98c65a87730ba4b5f0fd7ca13c47503067d54f1b7e6d9c76a2b9fd970fcee84cdcbda8ce1338180414b54092f8662cc22c6c4acafd0d3806b98b00c469184dc3210e922431f6e7641be06084f43a4e346739d1a2e0d71c8b4877d96b0ac055aef77be30e7a5c2b0a9c26e257a8d02d56b140a2da8c3651ddb8ac42c52f70c073bec63a72378ac13350a385c5d6181942ea37c401324577a6218fd6357926c905e5703b68dc4366b4ea0f7af2a40de08a2868194e3744e0e1ed4acb457b7fd842802e6e8e78da5e1f0a4b29b5aae51039183219ae8e9e3d7fad0cde8fee53a3510b3688d206ae27a58d146db3336d4dcdf7eee145d793359c70256206a1d6d50b2e00b3685b52ed4aae3b0d254fd3ca90fad711ad2ebaf1755c060716a29d3bb9ccdf44343ff152f40ed4a819f3ac8c7dd8c104614d8ae445c0c380aeea3aba5cbc99453d80530ffdc16b2f9199be9e46d1aeb65f0c24f27354d9326167544814e09d40260cae20241c07a11f24ddb87a35a5766e76b9bba6e5ade820a2fd6b7d2ad5806ccf77ba98e7dcb711d5b07bc016ed766244052c9063b4dabc6015a09714c30c31089a929b04197096e6beaff199cb1f56dbf197b1b06d067f107fc828d9082dfe8ce16c93a4188cab5e78acb9b121106e0ce29b2d38498d81a9690575c374cf28cfeba6d0625cbb044e471d89a157d3f705b11853411ed63475c1a094ea782a7b8f4b9c339789cfe25543be9c2f566b50662b2c4a62b6880703eff577ec50aeb9a0231ba2253ab1e661b0e5fa24e7509690ba08f34af2a17a98901d014db3a06c5de98bae8a785904067ea2d5cd07f74d10c21264a25119f3f47af53b202dc51cc1366052aaef8cfc0f11b902f27cecdcb32fcc57e0b082cb1a5d74bdcd9f9d99c0329d513a13cd91ff7c0a8e4c43bcb16747567da79b84d76819f712a66d7938c31826323f6fca129f8e2a3ca02261de391d2b0c1270a5308299d540fbf31a1d56e229ec4ab2320ed80e77282939c3443df27ea48f3d5919c71cc7392913678acd158c6eed7a979bc7d0433a16d286f761cbefab858e26a6eedebe689398816ace1923da606aabebcda6b4fb8fa846031b91edfa464e8cebd97abd026e290d78b1106649ec0fe392d778236db58f7a6d1184e448f14a89b30c7d8d3be536d4d4a835882339e449aadd6bdaf071ddb9a4480bfcc88a30328e80f928bf7ad585848a60f7154bfc4d764c8d2d05a0dc454c7210007c66c600ae823939758fe1bc7bcbd816e2dc8c7708566b4d39747a1fd96637eaf2883d1f2d8d5359350b68261252cd428331cac3b67a6eec0a2ce5881a4cb5851e359b9541a4012e4bba084517748a915dfac8356e3d6c8cc3eeb95234ccf421dcd224e9131b69526428d0ad1393b7886f169212a4472e9601d9e074fb8990bd54f6b41e9e7468e1f153435c94e075509c02c45d4bc2b65759399a3c710e6c82a81f3057c88a62313763e86afa9ef117c4db8dda1ae9b214834e13d3ada9873edc5b0c15c86fd81eea94c6bd66d9db30f650d63973fc7b5e8623b7679f9550da6cfbbeaa53c1bffc0be2181354a4072629afeebabdd05f1d55cb5c8de3abae219d70d047f0bf47ad4041286ac9f28a3818dea9bccbdf72ca442bdca0d0fd348e573b75c0fdba818a974a40b6a485981b96d4f17e954104c0c34f24a941fcb25314532061604783b59dccec3648f5a1980734fb52cacc7ad72f6054af3179a8f071af80b2a0937896e781f51ff7faecf8a479ceba545c368634dc4fd820359ff9c9260ded4af64a582c278892120a8643a3184363e000a32cce80f0cb82c581fc4e4d3520862e7f89137bf98ee58a4f62992084bf127636c60173a97548409b5594236b3db2df6a3ca123366af49f5aec593b7cbd43cd24e06150b5eca12386968f40f9fa016c50e2b56f1719faec53baf95f0f13350a70e3d5d035437d4cd5a1ebe158431265c9669570231d3908b791f881ea8cf37a06b426bdb49834385be2a9c14c5706a0f61c8577d231c11db15c1afe5b0b528de139d29e02160b85b4584d6b27f2af300312397fe7b69d5cee991da2196fd1c8cdc484b946c74910270c6b01a5befb68a534f6faa9f7e133a1ec38459b94e3279b6877e02af02add3ac62500424fd276e0a5ec063828e0fb3e60c52a5bdac8fde2d544e9ae2d16c224b159a06438aac25b9e8ee56b47489454af9c7a2cf5d5bc148a0e52f4304d357d6b5ebb7687c357453366cab8844747a7d738c165a7fb2b6ec1ceb785d1db2f0382c34bd0891dda89161214ffb4c5e90babd4d2d39509db357943bdbe82922b555d1914ec190d3435b68f717a5ac4e2a08700a3c5ec6783d5cfc0035736495e07ccc001886d3993d80da29ed0e4056b31d4a4424e559c5db0ad51018c60fd3efaeff3fc23e02f68437582cc2f4f7b35cd2b6225ca1c85c837b0a242f481408b9561f5cf66995db5dc2a6ea5fa03ff231023e434e5a9211cf6d8711d248b559aec3db97f4a7e61c2805e21ea7aeeb83bab84e4a9e88e205bb67313cdbcf9979240976530fe05dad5a7f92dc45e8f92478509478cf6bff7c4e337b99d1027c270c0419430a3d7f18f56589f00c3f11ce0c72a77104bbb3287ac15001750a126f95c0fa84d427b5753a15c5eb46517f5eb64a047f198d7c0cd36d70fc8e53757291338857e8b514035e830571c6e6a141eac55bef387429a5dd9543c954f757fdc48140c2fa277ad70f078422b83a90fd1896cb104e0a3c18faa19d7a3330d59f2223ebdd08e5c42d6e228423cadd3fe4fa3c2dda78f265795c724f70717ecdc9466e84b3979a69f24ed1ad6d16349ce5b4bdd2ae94ebe78b9dde7e44a5825610172202eaeccb4068ab134f4f75a2182c4560a53458c00e030fabf9440cc6ce0a91a83e29640b786a7a8c368d2fd04667fc67ae3304bdce12d308a5a9b87f4b1a15f0f5c7476afc9ad225a4edf91731d39d4fbeff336968fcd9661c29dea89bca74c69affa73bc9ca359f1e61d7ea999e7ca05968a17b4a9aaa4dd6d7b60ed48cbc33cef375f3cada9b5a9886d4512af2ffdc447ac743eb1050e2a9bc02d239f3f3947eed40d2b4d0fca41ce9220b351492da2b70b7cdfd6051700ec0d4e41100f233d9eccb54a03e93cb164bb41d598b9fc74ea33e95fd9aac12728b0b85aef40cc69bf00c80a6fdc55badd29aed76709ff3969199502ba93808d5135b27178fb86f1f5639df086065282b58e13870da4768f7fab132be41794368971ac4b1d611f4af99dc2664653eba47fa129536a754759533bd1c8ece47af355f95f7a4d929db3b2e75e8694c499c6dd1da88b30c8800d8240d5c78cedfbeb710b00d0f3be445a187d934b817e8e2b2d90b4d253c54103434e2311701e9ef938d543153cce460dc436b5ebfcf6b1b52a13e3862bd07b40eef8b4a2f94a82310fb8a71e6c2998ac667a642ac50122bc913d9f6bf29e702c487ae037e939dcd9b8e9f218ef1f1acac14ff25cec4d2c0dedea71d84f3d0eb18edb4af03b7fa45f775387b8f7108830c64b44663b41572d5051f42444e057327f5af02a7b7dfc62553ccef7d11e44c9da0dfd0cfa2d9f56a1d24c817dd059e236ff08a1861358abbe24a63b0c496b58b68c64bea9f64358fcf2393a7b6b3cb5ca019267d15b91556eaae9bad477130029abb4336adf366cc8d5773c8ccb8de48a964340926a5484183351d56c6fc58d1bf779579ba69958dc1817593e374416d1e5f7a0128d192bec6156db90a15f665b42fdc6209dca5d1b4a41338249db5014f8e772888f0e502e22ccd938889775fc91cf833aa94ef9224ee421ebee5c7ad1ddbbaabdadf3f2b5b4121949e06660194a3cf0f13a8f9fc12ec55e77043833db97c1eb2787ad69a8424b3a23f6f31fe4f869c1af343e1fd1aeea716389b1bd29273f799a8ce608adccab1bed2f4125cf96eaa42b757f8eac21d8a2cd5081532a0426d0983bb2aa686bada91902f18c3397a25c5134dc893fb05fcf23ffcf554e536d99e18af949a365c4855437552f48810229b53c7303fddeeed09e077b8f79e96f400d4faf7ce73784093d6cdf6c545d0d1aeb2403f0bc13437993f2e42f43d387ff27e31a9bbe8ca90499045cddbda94dc45f8cfbc2d926df78e09fbbb2b003835e447eec483d0703c00529c821ec2aaf0f1ccfc9a09954c3545495c10b47b317899ed515b3730b9943788a3f1605ebe4ff48d11e5b8dc25563a7d62f7c78eb42d4b1bfa63d3dc9c7dac0b5715fd35d4cdd6b21b5c6fb6690a9a465173c071d242af58bac1b0073332aee5f7e768910ff0ea6ada5169d223aad627790bdf25dcdd0d406fd1b7c53b04f6abc34a244d61f5e0cc9176ae1336e27db6bdb2d7168a30717dcb4e327d4fcab38196e726004216f8eaa838ab84469745bacc4fb0c46efd87e2f3d2d0d7fcee34241673b080a594853da92a32fccd28417d20a2e0e2dc09089467aa728afafde350e7ccf42e2d4247800e6c47edf7851e159f2b336b454e0d31dac7f830ba84ec134a2fe532cfc313f5159098fdf2b6ff351ad8d36ded69b4426295392db6901b538bf33562fb91f8dd866d2f97a5731d5fcf4fa9437d42defbf3c3813e00d01fb9578b3d74c485cc116892b135a504c72a583dcf14c3fa4db644b5518088adfc59f2e8bf96746d62499d3e78816af1326f3b55043da46e3a7930d38616bd3b25f71c75df69f1e79a28442f1c2bf84deafb9af7d529c14ad232500f2c791f85026cb38acb740a84bf44642867945f1cfc7111139ffa9fba83c1815f6077f9ad83c7471deae914b6991bc993d819245eeb878bb5d405053c7f8a26047d8f506fdb805b5989a510e3dbe6839bf0f91333b3dcd3eddd37ea8ad21db0b0f07534f1734665bf56239e25d36a7f29515d973afbcac41277e352bf6ae5a65a614a5a9b4a004af9babd2b3ce0ebf3b32caddcf03008abded5b113b7b4a4a6f93404153d22910857dda81a14a59aac2c256d4d4c7d4a64c96aaea2ababfe660e37f8aeabfa356ad6f2b23c098c010ad5105ba2813156f70a6114d49d006f4cfef5f0b5aa8bccf41fd820b097fa3885f91e9c33972b1d04b740bd1befc16eb7dea452cdedd06f2488a50d46ae5952ac92c24e032151def08b2e0b323ee25ddd815a21e53f98c680cfef6e12c92c693b428c7aede20534316af1fc7e946c4386bad79ddde2f1aab5d863238144cb428715181abe1e56e1acc9c66292c888f0744c154de97a79bd5b8f95075bc85aa8fd44851a2467b877eab87efda04a1712ec3db66bd54af46e99de4196c19ee28181c735ed9d1268c1c23db9f731a82e711a48c346bca97d0b40cc647ad2b0417ce84c6ee8dbcaff3c42f0b2c8f17262dd5da883ee68fe312fdbdced59439989180892c40e39f9e899e3b0d077ccdc53c9f0722d8cb9c7f5e64f5a5f560b0bb8309e25adfa6961a83632a5ce5328a57d2d52b5910f17e505a34423824e1e897dedf68bf6b99300f41657fb3e7754139b6a5bfafd15bca1c1b56fb04ed76e6fe650f4866578a6fbc7ab10b809a9c699e309a3c1f99e245633e16b1c9c2c9308c8eef52ddcd83a1ed39f5fba491b2621c8cc31ca194c18f80873570e5accff7eade486821010fd9f7a39a3acafd4d18096acb341f9a20586bda0a8acf497ca3069a0e762dbeac2e25c53521d502b127bc2db69cb2fe17bb8c2d360b664618ae60b539d7cf5d1efb8ab968e5675f40b8fc260a7ca15e65fa4df71f753ab6b7a7ac3193c6fa45b3324fa254e3adc0aeebfa09cdfae6fe06a20f2f360b548e046c7c6aa0e16d058bd71120bb1a03f40ba537c1f11059c01f8f91106dcc4b65b91b12b6640f49378dc7dba965110edaf2dc22ec8b8b2503b5c7c84bc03dc04331d30f464b217e7ea3e8970fb690eb9a5bbebae466ed84654f8587f1da39723ef27d7ea0ae731b7875b986cbc9d85de7ac765fd145be24deff5a6d73127411c13db7e3f697c69222a4181b63385d6141c11dda94fdc77f6ab40224a196018c548b018e53b261cc359f493502d1cee6ecc062917918229ff66607f3aea5152c4f9ad8884c3ff1a17dd6b2c3caaa7ecce6754005382d840084cf41355b3787950129191794d043b5d09b21024151ef8975272081ed6cb204e2a202ae846b1fcf5ba368148fd1574781f4b124fbb49dfd3881cb269daca062ec02d5d44653c2ef352fb242045c088243082f60815cd9c0b8218a9fdc97305eb001cec9d921dd26b8f19d5a347501b164688688e319175c294688d61d88ca32a734a550b056d65a80ed1b0af49a2c1060d992672b0c969b89bc7e028bb9fc325a60337d669652d931277741fb8a04c6aa61736141721f2aaefe97364943faf4ed140e19fdca569427b47bb181e3750f51ed4c92b2f260ee6e0462e70008b7f8ac9147a51f18462c364ed4c97f897e666981473d122a58382cd95d6de9cbc8ca3c9c76f021d99972c0a45a945d4923af99db0c6af8b1166a78b9755eaec9c7bd489e69f72db0e680bc47b8dfee4e90c8047492eb3cc9278e16200e440e40076f774d0b4e7f0e9501e2b22cb529e2d2f871b1a6fad0224c8ae510f0afc4c1239c6ce9d75ab379cce7aef3fe7abeb5d075052ccdcb40c87c59b85d02ab147b4de352135250c807dd67813ac61c813ead5a32bd7e6a494097770c8ca5cacc4ab4b26c045035f99737a4071de195de201429ff5a495a1cfd85f180376316cae0fd39bb08fb6f8d9b136c114ba18cf88976dc7e33964e968b800ab35fda3965021fe47f1a0f2e563055d9e903d0756cdb12f95f64e9400a68efc1b8adfdfea8ada5c1b4840e31a7c96e2ca7ac3735f0ac6dcf23bdb5be6af365dc72dafc14a78d572f845ba05e2fbfbe2f48a55e697285f75c1300cb3635b3bb84a69b0989d3badd72426923c9e70f2807f19f14981d0c7e51aaecc1c7f4ead28c76210d7e92c7a45102d498b64b2fda11dbdd9aa2052bdd2738220dbe1275e4234244eb74a537d8cf2b74fcb551a10e48618ee6e1a4acac70849958748e4b04beb0f2cbab3035044e2555a834cb5d72f16494ebc69883c8d47e23f15ec57bd48a6b3b18f6735bd9d55fe3a7ac61c47e09d0a970c5c253251dbe9771db63e76f78c462cae9fd61949d40d24e8a2a9df42ff985bdfb852c6ae1d9b22ccff9e11144448473b9eaee99e1f6e873831a357c7264c15fdd319e9ab92c795be49b57d0510a58c6d6d29371f0167050f960ee6df63166200ee92f1a56c4502907a468560cf18679212a9704cf4a700adc3c0050c35df00f7755cebd5d746ba1fcbb54e8e491185bb43b20792167063cb3f4d9e2d605f5e815c5499c5092b754f057efcad93e7a2d63540300f551f99217811cf23ecfef9720168dc6751f7a0902e5d5abd8d4549a9c09d02198e31e87713dbe87a008992d75b3c04c59c63fe69325f9676dcbb0ec2e683a1e0222b5846012256a46577e1f020d4f6457fa807fe3c144f9725c2e31de486033a061056077966d2fb616b1a2539589fd2a3a0a894193b08d453441058d3ecef0cd248e6159a333bdabcd83762149b6f5cad65166c7cd5b535731bd28b60eb52c06c25c59a953df0b1c217243488d87482aa6732ce39f9492e5fe3c53b9fda73a2c7f60047367138de812faa753b533e62c1c288a75ed589d6436e090c2f75443e8c9ca2307a6de4a1e6b46b203f6355516c27def33b39633838d39078a60a8a663193afddb9593925b400c14974f4093869be35818ca101caef0c4f8c5ad387ddb6e7ee868e7aca1fd0e2a18fce7d0437b49f18f3463760bf8cc61d001e0fe8f53bb486e16879fea1e3e78be430088f15f4d6211b2be3089eae20fed6930dcc7496abd7cd62d9f340a01894b9f1e27e61c49052696c784925ab94d73124a9a443c1f2f308cd4e8688465ed990838a788f68ac0f408e667ebc25d39e369429da0c8e1b18c160234a67de6536a801806dcea1e220404f3662d37c4be552ee53e71fb25659f571efdd6694f7bf8ac7e3d51ed991abf319185bb891866c42188075e37fa1fa440527407f36763085abb28b16d3a5e9b89d5dbefae3939cddd52e42a1cec2c6a1ec38f31b3c2b7946221ad8ff0decf3caf257d8cafd9cf5543da2752fed0c088698c335d7c27d9d31a6998ef63517d97ee3644251ff487e0e49c0b0a824314f532c76cfa17a66015d53744aff56532d22f27d994bfda8bac6787f0d424f2b2801678dee3448e41ed8207e58deb817549c103440d6326d55fe445d8b784e3192c9c51869e0ec1c0585143d0452869e9872ece869ef3edfc614c182c5ce91162846114c69982c58b9059c26066599468eee9fdf372096645c0189ac0228d2e8ba08b057a792780bbabf97fe05151ec29297cc339da21674d1000e36677d3d03feca77b06615b7a1d302fb3129cc76c9f3e4a50c244a765f2d4c456dfaa1103e9ec8650d1b9c8d7088d2526aca11d4247d8c3057d2e1c6c44db134cdc101ebd985a6eba8b2a7c816644149a409f1d8e54a043570ad0a53338f77f2ca9bf9c80844f0ed206fd07920076767ebc628ace5391d38e6aaa918d036487fe04f388f6b2ef6c78b0d7e4e37f0b7a7ed3537d136b63a86269ad25f85727f3e28a8d867100c47f7fd9fb1b07f8ab88735f60d7a6a9ae0e69cce2b70b79f6744f0f7007092a9dfb8175e4597ca793022a265b35bc6f5a1b9b91223aec5054391b0656528e3b6084ff167753d746abf54493cddef6346c36cd0e0e74f90b4ce9604558870e3788fe3fe619e8d68a8ae6855e8bb6ae12f629266dd0a58497718de30989e4e3b7b9d776e0240d9990f34bdc09346010652817ae1b90282f05b348b8ed8d892f9de48e3079d29684e8e793035bcdb0663b518503b771c61cfd3ab9ed3283c27d85d13b1b2094dc34f87897cb669041624f6307a6fc6409cae9ed65d249332fab821fcf57bd14f40972d828781beae56e93d806c8f8a9eb832bc938ae8b61fbc3d5958457b12bdc5a2585467fd1bb5e1e36e8071f266c47c0ad2ee4298130ff25afc409f3f740005a7b6d2ec33c7c0c3acf5801fec840b85286a7e45cf4310d7291af7e2f3272d87cace00cdd205064956cbb3118852dcc776b797a1570e6465e4f5b64e253887cda173306e8a2ca7c2bde8d79364ea413e7513a55649995516ff67d8dd1c923cad6520e7b050dc20e92a21a5c3f20b8be579c72fe29d7e86662c0b21ee494e12bc736f517db380db71a2fcc32aa7abc38661d50bbe82881b02aafef36147caa139310c7cc470a3b31c0ed44e346012c3eb812cffb9b221f5d383d87f302ed448780d1fa46cba8acc29b537c630d25f499ab5089900243ea642d68cf9631ad941ce3d2e9970cd9c603f76cc2cce7de3f8f30791f526914370b0dbfb9f9841d5b14e2c8b94494130bfb203c6d93082025bdbbaaf36af91721ad68b65889b78787c65e4acf8424c9268b798252ef3fed658556b71a2945a1fcd0cc0ac2a105b673243a112f787f5c649d783284904bf677605bb4ced1a2557071ac24c6362912021fe80e530cccfc517f5846f8505831d166c3e65722c155fcf9f17f3cdafb5204a8c1ec7942c66b9cb58fcc01e8f55ae3982e6e794dcdd828c7db8f2eb2a14916d06c9397f68c6a0c4071dd146248b16f453c0cbc7a953c65448d3d1a01a81a977474de7a69313e02468f274f096855ad37eed33114923761331f7503511baf383fb7f0615ba98bb66522daacdea2cb9c7fe6414367d0e8b6affe0f0a38fb59a292c58a1815cb7ec21ff9a2d0ce5302844378011e1dd444e29e0b5b6f746d2cab49d02177d227d56eff4fcc19baf877093279a5bb4790e7d089d115c86b1b86c1cf1abe95d5bc10d0abf2b2fd152505c5cc0b04765d4dbef6d94d3e825830ae08f85326a133f7a0a4dacf12f501599b0467e7bc1ff90e183467a3b5b6f8adb30c6150d79aa0100fd32a79810f8fd41dc707263b93733816e052f983333319fc55dd25e76c3d13ef08bf2691469509bdce6a0ad605c31a089fc2d76711b5a22ec36349843cae54437741023a6967d760c43d8085b63cf1714b82d802c3d1fde7448c8d8b4f21373d57be03b04f957724240fa5d83cdf9f7f401ea14f47a1469226b689c25008974eb70dbd69c76a18d5f0bbf7663fdc3cca9d863804d09e06dced4df8d92c90ec2bbd6eae6de477f7d887fce1c345f2affdc80c67e9dd425356d7dce4bbbfde205bd41fe45d97171e8f55e6c7694b0bb9ef9a5cb019170afb3fa7f2d2cf5c3cb5d09cee3517cb04b45fff400822ede9096b894a5dbe899cd49e2bb84f8983dc32b137dfc3de517c4292775da79ba30daf3e4c6831edad9d819e5653d379d83ad42c00c1a59d7aae11c8c44afb7a125252d75e8388138b5ce32cec19b49adbe8cbcd26dfa6013626616c6f323253e5dd4758a05d569fe6e5f5697e6535f6c9c6424c21a52973602c1acdac561377ab5906b91f63aba1f35a639d3601fc7037ead5972487170a1b337b2e009de7e4c60e14bec4c1669eb38a01c11bb3c0ce88e8d0326d4c9f81e1227bee619a8cd8a7dc5e2c45b57dedc926d6f90a47e1cf5980b3c1ddc84afcc30a9d923849d349b42ec30b283762cb96f5b61ab27e0258a2797b6c7d7192f89a7040fbee2628162a87d2fd537492dce297611eaca4e7b74c735a8a68c1052d57479172214a85618cceb15705f86d887674b47c4073cb2b08d55ac3f4ed932f43e9ec31acd7321f3d14904e4b3b831c024ca0da3616fb0070888fa56eb2df9a1fef045b6a110d4a313b625fe45e70b53e614046c00b70ad6b075731578bf39cdeeb117e4b07290d2a9826bf687bdf3811be2d2635b691cc4707d14834dedc5f34e8183e0c98bd127e73199d47c1f22f6cb6468940e0a7b677e39e1b8d978ac6ea3548853cdb4087ddb2a2466c86f682a36e2efca5d264d516643a86b5b006f26f7585d6e2243a2cc076e15f299537487886eafce9aa329f65e230568e28ec11b4a1fa1f1fc2a8d885f2a2129a9f4157788eda24a04fd7e8f7b8e43ebb5648bf8652e151b18a7be4f5f749731cd4f945c0f0a24433cc3d571eaafdd57e56851491f1fce77dfc18b24c0eefc9f1449c89bfe0af42f808df3c4ac3bee007a6f7acd3f8e36eb1bf7e80b4e59a2255c51bf90f7bf80508293d54a448397eafb8dc7ea14f22b23aaa5624d4ca51425bf4a21c8ff8916274ae4d7b3819631a5e8c4c8a290496354af92745da530020510523759a5c5132fbf227f85850f312d3caf772f8009a37d3133299cb88a8999a323ed484ff3e075e573c741c83340d4cab093a60f6ef2bba1ff99a454e43006ae954bfe84af008e718b65b16f02f3cf12bdcc823290d66a5c95c12c9171715b94d879c479f8413af48a55fc10ccd13e5e5cf5dcf92125604d3de87d7716efa5dba33aa5abe96e612b4fd8834050269e88a2cf37216fe212270fc3196dce8903a200dc8d2be5a394215d59bec3046a53f79812aa2371d9c6f1fe8d23666c4d5160421e0740d14928b97e5e865e654fdbee3f8e929b0ab198b8ed17f65d900e48a0c2a64b09b0e2a94869a278dbdfe534eaeb3893a70d141b8ed5e2ffa71e2346cdf3e6d0da7f19212727b1328bcc6e9cda07d1cf792da7de9f27c382e44bdd3ac9aba74be9fdbf25037a5558c256cc047b3f0e9a9c45ebbbe549df3cf03a481de71914fb808868ed06d97bbd3f230516c65542287b0476906fd43c833d778f216f04013bef56b8de1ed43e586d8e8bfcb61bd0935dff6378546ca01e8a770f34558f0baa4a351593ed98c1e9ba9c36d82c2c3dc7dac4131878d08af3c6dae5a06ec57b4cbb88aac8ed800185024b6804a4e2b63631bd1866098ce03f53f0469dace89c14b9be073b8b0ff318118fbac65c27995b5009feddb8e0b15469b1ffb1c79d7c95ce44c249fb278e85243439c732885584e7573d77e1ce6d1a92b5b5c509028d34edcb021007fe6e5ad322938e1892fc34a019c1b77c7e58511cb6ecd7742e00a805d9765875bf86100d7e3a77d5e3c734b485fb826418debddf981fa72aaffb852bcb53584de97a0cf06f89b0e1e7133a03c4f6d4a65dab1e6303dd8ac4e2eb350aaea93300e48a23f138f0fd3e55457fecec377d7feb5117145753373b7e8aeb4d45e626c9fe73362674bd31a6029e5b2e32e468453ad83bff655c3b887a1d6bfd7b1ae28b025ff1b51fe6df494170fe21eba5caf40f8fb781df6d1e9b77c13af8f8353bc2506880701f1b989f3f940d4953c57bd43f420746f78c2d83e02c21328bc324923e7f9aee0eefd4c589e768ad8aa3f17e3981857a11d6c93920700863f0cf509ba12f6e91c8fca7ef9547baac4cdffbde5c7c97bf53e51220ab92af82544b99e5503e27f7e9235e21b6e3b12ffe63b4815240d0122680fda042974c5b66db7046d2c0f761f59bf7af3d4af157f5fd313ab35a3a96b11f410f45935e024fece3ef3afe82dac66662c3606dc693c7c5ec59fb644009ce7e6c95bcd7f60c386f08c24e0f5cdffe065c09d60f79e31e70d3ac903cfc208568d501a7a350b8e8bcdfab45d46e69d1d009d19c59bfe9f91ae820921e5d4f2a9caff3672904f296518b32cc757de5ad8f09923df81697484377b925109f50f5df42922c6245b82f6abdc43ba430343ad342e9da2ae1c79edf1dc68c4c2bbc5bc4318f3168dee5cca9c06859be1c0d1d2d8094ccc1be59596fc797ac2b1595a5d6fbddd4ecd80fb956b70f13a2ac5c874c38f9029ba243deca3302ed2e61eb5bce0e6763f1bedb8602123a6a394d5f337c91f40963d465c1c6ab3d3bf8814483c080be2fbd9b09ce92969b3484f7901b5985bf803eb866fe4748630e63fb506aa3ada725aa1dd47da81c0b18b2723d28cd108aa69128c005e866525084666b58eab59a69fa27278de6dfc62b8c53118c007106cfff77e997a8a342e7094d08dea481bfdcd939b7e4f379463f51bd9c21c11118498173c72b9cb2eea01862a076c33817a2834fda4852f015567b3e8e3f17f81d9be21c1f659d05bcada9eb107ccb7ebf29233e0a366b46f216507bc58571e4473c6b636b3cb43fbe2743946103b69396ea43a0950eb21913c98a4d89347fcc1b236ce5110fe2df13700d47341ce89c367a112c8cd8178f9d20eedb6b67836bf2a1740205c98acac4a0f6b4d59459c641b8b110310facc6b28e6149e09bf4531cbdaa3071a120a078a9c6509bd2e6e80034574fd602f441e3f8dfa85a05d10cc3119c2c4594eb3e4a88ea87222ce8d2675f7dc2372a8c4942637a8adffe93ed5350b55e1d6a925622428c2a161a642fc541bb0f803a09854dc866dec647b3a5f13d58dcdae4bcc83bef959ea260158ed8e8af1eefe04d0403d68b2de48999d068143e088203be5e1633afea5e78290681749257562b2a0393ab5778808e34173d25b67b8a2f5ff8a041ca3e7180bc78952cfe6de9094db6499b96f12967e845f79e4ba7c8b60c22f92c123d5b1a6ed0170bbe24277c160608bdb74d7745b13d44a7babd59a6950d3912dacb385734f34adb0185979f31f007774dff40442eb146d5bfda64017063e8b363e220b0fc4132d72f462583601ef1d78195be02a1d2508ca37ec1a10199cd731cdf6b8bab33e799b6fe5114cee7c93607f333a586b2929cab1ae570b3988cfaaa55f1585d7f9c54834da1757ed896fe49427970ae76f35cc701239986e8ca42d5bdf3b492995a6f9554897f512067abda94202cead63cd321f7a14d936cc48ad53bb293ed3e9ce99978ae9817b6c85ee074f501cc6e20938eab279ab1e4483576ff6f2242e91454d1524edd0a00b045ba81cc8eeb00a191df262fb88dd60c4d9523758adea99ec2c227b541670b3fe7085742964f9637eea1546c899a3f339f882ca230060fb2d1813fda7c68952a9c55a6077d85aa034e56a893e95c8ed474e02049cec49802137cc4ff8a0ffdc7389998c69a4e7fc41c980f03231da430de0600fa8f70c8f731e2089c58b80a4b75506651a0ddca93fce73be90a7442b57ef90fba76704de425cfa30cc6ffb4f40b41f725b882497da1fd1b95bd39de025a2a9cc029dd34ae70642edf725b9fa446a8c5fccdc54889c0c5408d654ae0153c59e8d5fc3594e8608e7bcaf2552c39469dbc1bc648cf22ed36a5c38878228a37767c6ee111cf14c0c7375525cee1872f088ee3a73964840d6eea17b54ea344343ce84c889e6703c2fd5c63bfe70328743a5df37429dcda637bab7423a633e108b98fbab19f9cc50328188d89c1149cf049279f695748eeeedb18ad2a3da2ba3c97505e56326308bc34f7559a3ea167082e0fb6bf48b229c5e8320904b50bef9bcc35c052b745df849c47f3619f18491d55b164ccc646ad37a57a064d104701713e42cba586d8f6b7a88a456de234c21ecd18ca8067a3d4d164cefb7c7a3de0d6f5220, NULL, NULL, NULL, NULL, NULL),
(5, 'Paul', 'Bocuse', 'paul.bocuse@example.com', 'password321', '2025-04-01', NULL, NULL, NULL, NULL, NULL, NULL),
(6, 'Bolt', 'Usain', 'usain.bolt@example.com', 'password654', '2025-04-20', NULL, NULL, NULL, NULL, NULL, NULL),
(7, 'Tech', 'Sophie', 'sophie.tech@example.com', 'password999', '2025-04-25', NULL, NULL, NULL, NULL, NULL, NULL),
(8, 'Curie', 'Marie', 'marie.curie@example.com', 'password000', '2025-04-28', NULL, NULL, NULL, NULL, NULL, NULL);

--
-- Indexes for dumped tables
--

--
-- Indexes for table `activite_sportive`
--
ALTER TABLE `activite_sportive`
  ADD PRIMARY KEY (`id_activité`),
  ADD KEY `id_utilisateur` (`id_utilisateur`);

--
-- Indexes for table `article`
--
ALTER TABLE `article`
  ADD PRIMARY KEY (`id_article`),
  ADD KEY `id_utilisateur` (`id_utilisateur`);

--
-- Indexes for table `calendrier_d_activités`
--
ALTER TABLE `calendrier_d_activités`
  ADD PRIMARY KEY (`id_evenement`),
  ADD KEY `id_utilisateur` (`id_utilisateur`);

--
-- Indexes for table `comparaison_performances`
--
ALTER TABLE `comparaison_performances`
  ADD PRIMARY KEY (`id_comparaison`),
  ADD KEY `id_utilisateur` (`id_utilisateur`),
  ADD KEY `id_autre_utilisateur` (`id_autre_utilisateur`);

--
-- Indexes for table `compare`
--
ALTER TABLE `compare`
  ADD PRIMARY KEY (`id_utilisateur`,`id_comparaison`),
  ADD KEY `id_comparaison` (`id_comparaison`);

--
-- Indexes for table `genere`
--
ALTER TABLE `genere`
  ADD PRIMARY KEY (`id_utilisateur`,`id_stats`),
  ADD KEY `id_stats` (`id_stats`);

--
-- Indexes for table `messages`
--
ALTER TABLE `messages`
  ADD PRIMARY KEY (`id_message`),
  ADD KEY `id_utilisateur` (`id_utilisateur`);

--
-- Indexes for table `participe`
--
ALTER TABLE `participe`
  ADD PRIMARY KEY (`id_utilisateur`,`id_activite`),
  ADD KEY `id_acrivité` (`id_activite`);

--
-- Indexes for table `planifier`
--
ALTER TABLE `planifier`
  ADD PRIMARY KEY (`id_utilisateur`,`id_evenement`),
  ADD KEY `id_evenement` (`id_evenement`);

--
-- Indexes for table `publier`
--
ALTER TABLE `publier`
  ADD PRIMARY KEY (`id_utilisateur`,`id_message`),
  ADD KEY `id_message` (`id_message`);

--
-- Indexes for table `statistiques_`
--
ALTER TABLE `statistiques_`
  ADD PRIMARY KEY (`id_stats`),
  ADD KEY `id_utilisateur` (`id_utilisateur`);

--
-- Indexes for table `utilisateur`
--
ALTER TABLE `utilisateur`
  ADD PRIMARY KEY (`id_utilisateur`),
  ADD UNIQUE KEY `email` (`email`);

--
-- AUTO_INCREMENT for dumped tables
--

--
-- AUTO_INCREMENT for table `activite_sportive`
--
ALTER TABLE `activite_sportive`
  MODIFY `id_activité` int(11) NOT NULL AUTO_INCREMENT, AUTO_INCREMENT=369;

--
-- AUTO_INCREMENT for table `article`
--
ALTER TABLE `article`
  MODIFY `id_article` int(11) NOT NULL AUTO_INCREMENT, AUTO_INCREMENT=133;

--
-- AUTO_INCREMENT for table `calendrier_d_activités`
--
ALTER TABLE `calendrier_d_activités`
  MODIFY `id_evenement` int(11) NOT NULL AUTO_INCREMENT, AUTO_INCREMENT=6;

--
-- AUTO_INCREMENT for table `comparaison_performances`
--
ALTER TABLE `comparaison_performances`
  MODIFY `id_comparaison` int(11) NOT NULL AUTO_INCREMENT, AUTO_INCREMENT=5;

--
-- AUTO_INCREMENT for table `compare`
--
ALTER TABLE `compare`
  MODIFY `id_comparaison` int(11) NOT NULL AUTO_INCREMENT, AUTO_INCREMENT=5;

--
-- AUTO_INCREMENT for table `messages`
--
ALTER TABLE `messages`
  MODIFY `id_message` int(11) NOT NULL AUTO_INCREMENT, AUTO_INCREMENT=113;

--
-- Constraints for dumped tables
--

--
-- Constraints for table `activite_sportive`
--
ALTER TABLE `activite_sportive`
  ADD CONSTRAINT `activite_sportive_ibfk_1` FOREIGN KEY (`id_utilisateur`) REFERENCES `utilisateur` (`id_utilisateur`);

--
-- Constraints for table `article`
--
ALTER TABLE `article`
  ADD CONSTRAINT `article_ibfk_1` FOREIGN KEY (`id_utilisateur`) REFERENCES `utilisateur` (`id_utilisateur`);

--
-- Constraints for table `calendrier_d_activités`
--
ALTER TABLE `calendrier_d_activités`
  ADD CONSTRAINT `calendrier_d_activités_ibfk_1` FOREIGN KEY (`id_utilisateur`) REFERENCES `utilisateur` (`id_utilisateur`);

--
-- Constraints for table `comparaison_performances`
--
ALTER TABLE `comparaison_performances`
  ADD CONSTRAINT `comparaison_performances_ibfk_1` FOREIGN KEY (`id_utilisateur`) REFERENCES `utilisateur` (`id_utilisateur`),
  ADD CONSTRAINT `comparaison_performances_ibfk_2` FOREIGN KEY (`id_autre_utilisateur`) REFERENCES `utilisateur` (`id_utilisateur`);

--
-- Constraints for table `compare`
--
ALTER TABLE `compare`
  ADD CONSTRAINT `compare_ibfk_1` FOREIGN KEY (`id_utilisateur`) REFERENCES `utilisateur` (`id_utilisateur`),
  ADD CONSTRAINT `compare_ibfk_2` FOREIGN KEY (`id_comparaison`) REFERENCES `comparaison_performances` (`id_comparaison`);

--
-- Constraints for table `genere`
--
ALTER TABLE `genere`
  ADD CONSTRAINT `genere_ibfk_1` FOREIGN KEY (`id_utilisateur`) REFERENCES `utilisateur` (`id_utilisateur`),
  ADD CONSTRAINT `genere_ibfk_2` FOREIGN KEY (`id_stats`) REFERENCES `statistiques_` (`id_stats`);

--
-- Constraints for table `messages`
--
ALTER TABLE `messages`
  ADD CONSTRAINT `messages_ibfk_1` FOREIGN KEY (`id_utilisateur`) REFERENCES `utilisateur` (`id_utilisateur`);

--
-- Constraints for table `participe`
--
ALTER TABLE `participe`
  ADD CONSTRAINT `participe_ibfk_1` FOREIGN KEY (`id_utilisateur`) REFERENCES `utilisateur` (`id_utilisateur`),
  ADD CONSTRAINT `participe_ibfk_2` FOREIGN KEY (`id_activite`) REFERENCES `activite_sportive` (`id_activité`);

--
-- Constraints for table `planifier`
--
ALTER TABLE `planifier`
  ADD CONSTRAINT `planifier_ibfk_1` FOREIGN KEY (`id_utilisateur`) REFERENCES `utilisateur` (`id_utilisateur`),
  ADD CONSTRAINT `planifier_ibfk_2` FOREIGN KEY (`id_evenement`) REFERENCES `calendrier_d_activités` (`id_evenement`);

--
-- Constraints for table `publier`
--
ALTER TABLE `publier`
  ADD CONSTRAINT `publier_ibfk_1` FOREIGN KEY (`id_utilisateur`) REFERENCES `utilisateur` (`id_utilisateur`),
  ADD CONSTRAINT `publier_ibfk_2` FOREIGN KEY (`id_message`) REFERENCES `messages` (`id_message`);

--
-- Constraints for table `statistiques_`
--
ALTER TABLE `statistiques_`
  ADD CONSTRAINT `statistiques__ibfk_1` FOREIGN KEY (`id_utilisateur`) REFERENCES `utilisateur` (`id_utilisateur`);
COMMIT;

/*!40101 SET CHARACTER_SET_CLIENT=@OLD_CHARACTER_SET_CLIENT */;
/*!40101 SET CHARACTER_SET_RESULTS=@OLD_CHARACTER_SET_RESULTS */;
/*!40101 SET COLLATION_CONNECTION=@OLD_COLLATION_CONNECTION */;
